stem,group_id,group_type,group_size,split
00000004,G0000,singleton,1,train
00000008,G0001,singleton,1,train
00000022,G0002,numeric_visual_sequence,2,val
00000025,G0002,numeric_visual_sequence,2,val
00000031,G0003,singleton,1,train
00000033,G0004,numeric_visual_sequence,2,train
00000034,G0004,numeric_visual_sequence,2,train
00000036,G0005,singleton,1,val
00000038,G0006,singleton,1,train
00000043,G0007,singleton,1,val
00000045,G0008,singleton,1,train
00000047,G0009,numeric_visual_sequence,3,train
00000049,G0009,numeric_visual_sequence,3,train
00000050,G0009,numeric_visual_sequence,3,train
00000052,G0010,numeric_visual_sequence,3,train
00000054,G0010,numeric_visual_sequence,3,train
00000056,G0010,numeric_visual_sequence,3,train
00000057,G0011,singleton,1,train
00000063,G0012,singleton,1,train
00000068,G0013,singleton,1,train
00000072,G0014,singleton,1,train
00000084,G0015,singleton,1,train
00000090,G0016,numeric_visual_sequence,3,train
00000093,G0016,numeric_visual_sequence,3,train
00000095,G0016,numeric_visual_sequence,3,train
00000098,G0017,singleton,1,train
00000104,G0018,singleton,1,val
00000106,G0019,singleton,1,train
00000111,G0020,singleton,1,train
00000118,G0021,numeric_visual_sequence,4,train
00000120,G0021,numeric_visual_sequence,4,train
00000122,G0021,numeric_visual_sequence,4,train
00000123,G0021,numeric_visual_sequence,4,train
00000129,G0022,numeric_visual_sequence,2,val
00000130,G0022,numeric_visual_sequence,2,val
00000136,G0023,numeric_visual_sequence,2,train
00000139,G0023,numeric_visual_sequence,2,train
00000143,G0024,singleton,1,train
00000147,G0025,singleton,1,train
00000157,G0026,singleton,1,train
00000163,G0027,numeric_visual_sequence,3,train
00000168,G0027,numeric_visual_sequence,3,train
00000171,G0027,numeric_visual_sequence,3,train
00000175,G0028,numeric_visual_sequence,3,train
00000177,G0028,numeric_visual_sequence,3,train
00000180,G0028,numeric_visual_sequence,3,train
00000184,G0029,singleton,1,val
00000189,G0030,singleton,1,train
000002,G0031,singleton,1,train
00000203,G0032,singleton,1,train
00000205,G0033,singleton,1,train
00000207,G0034,singleton,1,val
00000212,G0035,numeric_visual_sequence,4,train
00000214,G0035,numeric_visual_sequence,4,train
00000216,G0035,numeric_visual_sequence,4,train
00000220,G0035,numeric_visual_sequence,4,train
00000221,G0036,singleton,1,train
00000225,G0037,numeric_visual_sequence,4,train
00000228,G0037,numeric_visual_sequence,4,train
00000230,G0037,numeric_visual_sequence,4,train
00000234,G0037,numeric_visual_sequence,4,train
00000239,G0038,singleton,1,train
00000241,G0039,singleton,1,val
00000243,G0040,numeric_visual_sequence,5,val
00000244,G0040,numeric_visual_sequence,5,val
00000248,G0040,numeric_visual_sequence,5,val
00000253,G0040,numeric_visual_sequence,5,val
00000257,G0040,numeric_visual_sequence,5,val
00000271,G0041,numeric_visual_sequence,3,train
00000273,G0041,numeric_visual_sequence,3,train
00000275,G0041,numeric_visual_sequence,3,train
00000282,G0042,singleton,1,train
00000291,G0043,numeric_visual_sequence,2,train
00000293,G0043,numeric_visual_sequence,2,train
000002_080_00000048,G0044,singleton,1,train
000002_081_00000001,G0045,filename_prefix,3,train
000002_081_00000047,G0045,filename_prefix,3,train
000002_081_00000185,G0045,filename_prefix,3,train
000002_082_00000061,G0046,filename_prefix,2,train
000002_082_00000121,G0046,filename_prefix,2,train
000002_083_00000001,G0047,filename_prefix,4,train
000002_083_00000057,G0047,filename_prefix,4,train
000002_083_00000113,G0047,filename_prefix,4,train
000002_083_00000169,G0047,filename_prefix,4,train
00000321,G0048,singleton,1,train
00000332,G0049,numeric_visual_sequence,2,train
00000333,G0049,numeric_visual_sequence,2,train
00000339,G0050,singleton,1,val
00000344,G0051,singleton,1,train
00000346,G0052,singleton,1,train
00000355,G0053,singleton,1,train
00000364,G0054,singleton,1,train
00000367,G0055,singleton,1,train
00000371,G0056,numeric_visual_sequence,2,train
00000373,G0056,numeric_visual_sequence,2,train
00000376,G0057,singleton,1,train
00000394,G0058,singleton,1,val
00000396,G0059,numeric_visual_sequence,3,train
00000399,G0059,numeric_visual_sequence,3,train
000003_002_00000060,G0060,filename_prefix,2,train
000003_002_00000178,G0060,filename_prefix,2,train
000003_013_00000085,G0061,filename_prefix,2,val
000003_013_00000169,G0061,filename_prefix,2,val
000003_014_00000001,G0062,filename_prefix,2,val
000003_014_00000161,G0062,filename_prefix,2,val
000003_015_00000001,G0063,filename_prefix,2,train
000003_015_00000077,G0063,filename_prefix,2,train
000003_018_00000167,G0064,singleton,1,train
000003_023_00000089,G0065,singleton,1,train
000003_026_00000001,G0066,singleton,1,train
000003_028_00000325,G0067,singleton,1,train
000003_029_00000084,G0068,filename_prefix,2,val
000003_029_00000333,G0068,filename_prefix,2,val
000003_030_00000082,G0069,singleton,1,train
000003_035_00000001,G0070,filename_prefix,2,train
000003_035_00000179,G0070,filename_prefix,2,train
000003_051_00000365,G0071,singleton,1,val
000003_068_00000082,G0072,singleton,1,train
000003_069_00000088,G0073,filename_prefix,2,train
000003_069_00000175,G0073,filename_prefix,2,train
000003_080_00000307,G0074,filename_prefix,2,train
000003_080_00000409,G0074,filename_prefix,2,train
000003_081_00000171,G0075,filename_prefix,2,train
000003_081_00000341,G0075,filename_prefix,2,train
000004,G0076,singleton,1,train
00000401,G0059,numeric_visual_sequence,3,train
00000410,G0077,numeric_visual_sequence,3,train
00000414,G0077,numeric_visual_sequence,3,train
00000415,G0077,numeric_visual_sequence,3,train
00000417,G0078,singleton,1,val
00000419,G0079,singleton,1,val
00000423,G0080,numeric_visual_sequence,2,val
00000426,G0080,numeric_visual_sequence,2,val
00000433,G0081,singleton,1,train
00000435,G0082,singleton,1,train
00000440,G0083,singleton,1,val
00000446,G0084,numeric_visual_sequence,2,train
00000447,G0084,numeric_visual_sequence,2,train
00000460,G0085,singleton,1,train
00000462,G0086,singleton,1,train
00000467,G0087,singleton,1,train
00000480,G0088,numeric_visual_sequence,2,train
00000481,G0088,numeric_visual_sequence,2,train
00000485,G0089,singleton,1,val
00000488,G0090,numeric_visual_sequence,2,train
00000490,G0090,numeric_visual_sequence,2,train
00000497,G0091,singleton,1,train
00000499,G0092,singleton,1,train
000004_001_00000087,G0093,singleton,1,train
000004_002_00000001,G0094,filename_prefix,2,train
000004_002_00000084,G0094,filename_prefix,2,train
000004_005_00000238,G0095,singleton,1,train
000004_009_00000001,G0096,filename_prefix,3,train
000004_009_00000081,G0096,filename_prefix,3,train
000004_009_00000321,G0096,filename_prefix,3,train
000004_010_00000199,G0097,singleton,1,train
000004_011_00000001,G0098,filename_prefix,2,train
000004_011_00000171,G0098,filename_prefix,2,train
000004_012_00000001,G0099,singleton,1,train
000004_013_00000001,G0100,filename_prefix,3,train
000004_013_00000081,G0100,filename_prefix,3,train
000004_013_00000241,G0100,filename_prefix,3,train
000004_014_00000001,G0101,singleton,1,train
000004_015_00000163,G0102,singleton,1,train
000004_018_00000341,G0103,singleton,1,val
000004_019_00000321,G0104,singleton,1,train
000004_034_00000079,G0105,singleton,1,train
000004_036_00000082,G0106,filename_prefix,3,train
000004_036_00000244,G0106,filename_prefix,3,train
000004_036_00000325,G0106,filename_prefix,3,train
000005,G0107,singleton,1,train
00000501,G0108,numeric_visual_sequence,3,train
00000506,G0108,numeric_visual_sequence,3,train
00000508,G0108,numeric_visual_sequence,3,train
00000510,G0109,numeric_visual_sequence,3,train
00000512,G0109,numeric_visual_sequence,3,train
00000515,G0109,numeric_visual_sequence,3,train
00000519,G0110,singleton,1,train
00000524,G0111,singleton,1,val
00000526,G0112,numeric_visual_sequence,2,val
00000529,G0112,numeric_visual_sequence,2,val
00000535,G0113,singleton,1,train
00000554,G0114,singleton,1,train
00000556,G0115,numeric_visual_sequence,2,train
00000560,G0115,numeric_visual_sequence,2,train
00000572,G0116,singleton,1,train
00000576,G0117,numeric_visual_sequence,2,train
00000577,G0117,numeric_visual_sequence,2,train
00000579,G0118,singleton,1,train
00000585,G0119,numeric_visual_sequence,2,train
00000586,G0119,numeric_visual_sequence,2,train
00000592,G0120,numeric_visual_sequence,2,train
00000597,G0120,numeric_visual_sequence,2,train
00000599,G0121,singleton,1,train
000005_003_00000181,G0122,singleton,1,train
000005_004_00000191,G0123,filename_prefix,2,train
000005_004_00000286,G0123,filename_prefix,2,train
000005_006_00000001,G0124,singleton,1,train
000005_010_00000001,G0125,filename_prefix,2,train
000005_010_00000050,G0125,filename_prefix,2,train
000005_011_00000421,G0126,singleton,1,train
000005_013_00000001,G0127,singleton,1,train
000005_014_00000292,G0128,singleton,1,train
000005_017_00000205,G0129,filename_prefix,2,train
000005_017_00000307,G0129,filename_prefix,2,train
000005_018_00000405,G0130,singleton,1,train
000005_019_00000105,G0131,filename_prefix,3,train
000005_019_00000209,G0131,filename_prefix,3,train
000005_019_00000313,G0131,filename_prefix,3,train
000005_024_00000001,G0132,singleton,1,train
000005_026_00000001,G0133,singleton,1,train
000005_027_00000001,G0134,filename_prefix,3,train
000005_027_00000247,G0134,filename_prefix,3,train
000005_027_00000493,G0134,filename_prefix,3,train
000005_028_00000001,G0135,filename_prefix,2,train
000005_028_00000163,G0135,filename_prefix,2,train
000005_029_00000191,G0136,singleton,1,train
000005_032_00000001,G0137,filename_prefix,2,val
000005_032_00000205,G0137,filename_prefix,2,val
000005_036_00000001,G0138,filename_prefix,4,train
000005_036_00000108,G0138,filename_prefix,4,train
000005_036_00000215,G0138,filename_prefix,4,train
000005_036_00000429,G0138,filename_prefix,4,train
00000609,G0139,singleton,1,train
00000615,G0140,singleton,1,train
00000618,G0141,numeric_visual_sequence,3,train
00000620,G0141,numeric_visual_sequence,3,train
00000622,G0141,numeric_visual_sequence,3,train
00000629,G0142,singleton,1,train
00000634,G0143,singleton,1,train
00000638,G0144,numeric_visual_sequence,3,train
00000640,G0144,numeric_visual_sequence,3,train
00000642,G0144,numeric_visual_sequence,3,train
00000643,G0145,singleton,1,val
00000649,G0146,numeric_visual_sequence,2,train
00000652,G0146,numeric_visual_sequence,2,train
00000658,G0147,singleton,1,train
00000682,G0148,singleton,1,train
000006_002_00000001,G0149,filename_prefix,2,train
000006_002_00000102,G0149,filename_prefix,2,train
000006_004_00000104,G0150,filename_prefix,3,train
000006_004_00000207,G0150,filename_prefix,3,train
000006_004_00000413,G0150,filename_prefix,3,train
000006_005_00000295,G0151,filename_prefix,2,val
000006_005_00000393,G0151,filename_prefix,2,val
000006_007_00000211,G0152,filename_prefix,2,train
000006_007_00000421,G0152,filename_prefix,2,train
000006_008_00000001,G0153,filename_prefix,2,train
000006_008_00000307,G0153,filename_prefix,2,train
000006_009_00000089,G0154,singleton,1,train
000006_010_00000292,G0155,filename_prefix,2,train
000006_010_00000389,G0155,filename_prefix,2,train
000006_011_00000307,G0156,filename_prefix,2,train
000006_011_00000409,G0156,filename_prefix,2,train
000006_012_00000001,G0157,singleton,1,val
000006_013_00000001,G0158,singleton,1,train
000006_014_00000409,G0159,singleton,1,train
000006_015_00000329,G0160,singleton,1,train
000007_004_00000433,G0161,singleton,1,train
000007_007_00000038,G0162,singleton,1,train
000007_011_00000501,G0163,singleton,1,val
000007_015_00000209,G0164,filename_prefix,2,train
000007_015_00000313,G0164,filename_prefix,2,train
000008_003_00000001,G0165,filename_prefix,4,train
000008_003_00000235,G0165,filename_prefix,4,train
000008_003_00000352,G0165,filename_prefix,4,train
000008_003_00000469,G0165,filename_prefix,4,train
000008_004_00000001,G0166,filename_prefix,3,train
000008_004_00000167,G0166,filename_prefix,3,train
000008_004_00000665,G0166,filename_prefix,3,train
000008_005_00000167,G0167,filename_prefix,3,val
000008_005_00000333,G0167,filename_prefix,3,val
000008_005_00000665,G0167,filename_prefix,3,val
000008_007_00000868,G0168,singleton,1,train
000008_012_00000001,G0169,filename_prefix,2,train
000008_012_00000151,G0169,filename_prefix,2,train
000008_013_00000195,G0170,singleton,1,val
000008_017_00000001,G0171,singleton,1,train
000008_021_00000415,G0172,singleton,1,train
000008_032_00000001,G0173,singleton,1,train
000008_033_00000001,G0174,filename_prefix,2,train
000008_033_00000076,G0174,filename_prefix,2,train
000008_035_00000001,G0175,filename_prefix,3,train
000008_035_00000108,G0175,filename_prefix,3,train
000008_035_00000429,G0175,filename_prefix,3,train
000008_037_00000453,G0176,singleton,1,train
000008_039_00000214,G0177,singleton,1,train
000008_040_00000304,G0178,singleton,1,train
000008_042_00000273,G0179,singleton,1,val
000008_043_00000001,G0180,singleton,1,train
000008_045_00000001,G0181,filename_prefix,2,train
000008_045_00000157,G0181,filename_prefix,2,train
000008_046_00000157,G0182,singleton,1,train
000008_047_00000001,G0183,filename_prefix,3,train
000008_047_00000112,G0183,filename_prefix,3,train
000008_047_00000149,G0183,filename_prefix,3,train
000008_048_00000361,G0184,singleton,1,train
000009_008_00000241,G0185,singleton,1,train
000009_011_00000087,G0186,singleton,1,train
000009_012_00000083,G0187,singleton,1,train
000009_020_00000325,G0188,singleton,1,train
000009_022_00000247,G0189,singleton,1,train
000009_032_00000141,G0190,singleton,1,train
000009_033_00000250,G0191,filename_prefix,2,train
000009_033_00000333,G0191,filename_prefix,2,train
000009_034_00000179,G0192,filename_prefix,2,val
000009_034_00000268,G0192,filename_prefix,2,val
000009_036_00000051,G0193,singleton,1,train
000009_038_00000026,G0194,filename_prefix,2,train
000009_038_00000076,G0194,filename_prefix,2,train
000009_040_00000101,G0195,singleton,1,train
000010_006_00000185,G0196,filename_prefix,2,train
000010_006_00000369,G0196,filename_prefix,2,train
000010_008_00000102,G0197,filename_prefix,2,train
000010_008_00000203,G0197,filename_prefix,2,train
000010_015_00000237,G0198,singleton,1,train
000010_016_00000189,G0199,filename_prefix,2,train
000010_016_00000283,G0199,filename_prefix,2,train
000011_001_00000001,G0200,singleton,1,train
000011_002_00000001,G0201,filename_prefix,2,val
000011_002_00000085,G0201,filename_prefix,2,val
000011_003_00000001,G0202,filename_prefix,3,train
000011_003_00000286,G0202,filename_prefix,3,train
000011_003_00000381,G0202,filename_prefix,3,train
000011_004_00000086,G0203,singleton,1,train
000011_006_00000001,G0204,filename_prefix,2,val
000011_006_00000256,G0204,filename_prefix,2,val
000011_008_00000001,G0205,filename_prefix,2,train
000011_008_00000083,G0205,filename_prefix,2,train
000011_012_00000280,G0206,singleton,1,train
000011_015_00000244,G0207,singleton,1,val
000011_017_00000253,G0208,singleton,1,train
000011_018_00000337,G0209,singleton,1,val
000011_019_00000165,G0210,singleton,1,train
000011_020_00000179,G0211,singleton,1,train
000011_027_00000001,G0212,singleton,1,val
000011_039_00000247,G0213,singleton,1,train
000012_003_00000226,G0214,filename_prefix,2,train
000012_003_00000301,G0214,filename_prefix,2,train
000012_004_00000083,G0215,filename_prefix,2,train
000012_004_00000329,G0215,filename_prefix,2,train
000012_005_00000001,G0216,singleton,1,val
000012_008_00000163,G0217,singleton,1,train
000012_009_00000163,G0218,filename_prefix,3,train
000012_009_00000244,G0218,filename_prefix,3,train
000012_009_00000325,G0218,filename_prefix,3,train
000012_010_00000001,G0219,filename_prefix,3,train
000012_010_00000223,G0219,filename_prefix,3,train
000012_010_00000297,G0219,filename_prefix,3,train
000012_014_00000184,G0220,singleton,1,train
000012_015_00000253,G0221,singleton,1,val
000012_019_00000076,G0222,filename_prefix,2,val
000012_019_00000151,G0222,filename_prefix,2,val
000012_020_00000365,G0223,singleton,1,val
000012_022_00000090,G0224,singleton,1,val
000012_023_00000238,G0225,singleton,1,train
000012_024_00000253,G0226,singleton,1,train
000012_025_00000313,G0227,singleton,1,val
000012_028_00000250,G0228,filename_prefix,2,train
000012_028_00000333,G0228,filename_prefix,2,train
000012_031_00000001,G0229,singleton,1,train
000012_034_00000321,G0230,singleton,1,train
000012_035_00000244,G0231,singleton,1,train
000013_001_00000001,G0232,filename_prefix,3,val
000013_001_00000071,G0232,filename_prefix,3,val
000013_001_00000281,G0232,filename_prefix,3,val
000013_001_suppl_00000354,G0233,singleton,1,train
000013_002_00000001,G0234,filename_prefix,2,train
000013_002_00000281,G0234,filename_prefix,2,train
000013_004_00000159,G0235,filename_prefix,2,train
000013_004_00000238,G0235,filename_prefix,2,train
000013_010_00000232,G0236,singleton,1,train
000013_011_00000076,G0237,singleton,1,val
000013_015_suppl_00000384,G0238,singleton,1,val
000013_016_00000001,G0239,singleton,1,train
000013_016_suppl_00000381,G0240,singleton,1,train
000013_017_00000001,G0241,filename_prefix,4,val
000013_017_00000063,G0241,filename_prefix,4,val
000013_017_00000125,G0241,filename_prefix,4,val
000013_017_00000187,G0241,filename_prefix,4,val
000013_021_00000083,G0242,singleton,1,train
000013_023_00000001,G0243,filename_prefix,3,val
000013_023_00000075,G0243,filename_prefix,3,val
000013_023_00000223,G0243,filename_prefix,3,val
000013_025_00000001,G0244,filename_prefix,2,train
000013_025_00000285,G0244,filename_prefix,2,train
000013_030_00000001,G0245,filename_prefix,3,train
000013_030_00000063,G0245,filename_prefix,3,train
000013_030_00000187,G0245,filename_prefix,3,train
000013_033_00000001,G0246,singleton,1,train
000013_034_00000001,G0247,filename_prefix,5,train
000013_034_00000069,G0247,filename_prefix,5,train
000013_034_00000137,G0247,filename_prefix,5,train
000013_034_00000205,G0247,filename_prefix,5,train
000013_034_00000273,G0247,filename_prefix,5,train
000013_036_00000208,G0248,singleton,1,val
000013_039_00000063,G0249,filename_prefix,2,train
000013_039_00000187,G0249,filename_prefix,2,train
000013_040_00000001,G0250,singleton,1,train
000013_040_suppl_00000167,G0251,filename_prefix,2,train
000013_040_suppl_00000333,G0251,filename_prefix,2,train
000013_044_00000001,G0252,singleton,1,train
000013_045_00000343,G0253,filename_prefix,2,train
000013_045_00000457,G0253,filename_prefix,2,train
000013_045_suppl_00000571,G0254,singleton,1,train
000013_046_00000001,G0255,filename_prefix,3,train
000013_046_00000135,G0255,filename_prefix,3,train
000013_046_00000202,G0255,filename_prefix,3,train
000013_047_00000223,G0256,singleton,1,train
000013_048_00000001,G0257,filename_prefix,2,train
000013_048_00000072,G0257,filename_prefix,2,train
000013_048_suppl_00000180,G0258,filename_prefix,2,val
000013_048_suppl_00000359,G0258,filename_prefix,2,val
000013_052_00000065,G0259,filename_prefix,2,val
000013_052_00000193,G0259,filename_prefix,2,val
000013_052_suppl_00000162,G0260,filename_prefix,2,train
000013_052_suppl_00000323,G0260,filename_prefix,2,train
000013_053_suppl_00000179,G0261,singleton,1,train
000013_055_00000001,G0262,filename_prefix,2,train
000013_055_00000241,G0262,filename_prefix,2,train
000013_055_suppl_00000300,G0263,singleton,1,train
000013_056_00000071,G0264,filename_prefix,2,val
000013_056_00000281,G0264,filename_prefix,2,val
000014_002_00000067,G0265,singleton,1,train
000014_002_suppl_00000167,G0266,singleton,1,train
000014_011_00000060,G0267,singleton,1,train
000014_012_00000217,G0268,singleton,1,train
000014_014_00000072,G0269,singleton,1,train
000014_014_suppl_00000356,G0270,singleton,1,train
000014_015_00000285,G0271,singleton,1,train
000014_016_00000001,G0272,singleton,1,train
000014_016_suppl_00000354,G0273,singleton,1,train
000014_018_00000143,G0274,singleton,1,train
000014_020_suppl_00000370,G0275,singleton,1,train
000014_022_00000069,G0276,singleton,1,train
000014_022_suppl_00000340,G0277,singleton,1,train
000014_023_00000208,G0278,filename_prefix,2,val
000014_023_00000277,G0278,filename_prefix,2,val
000014_023_suppl_00000174,G0279,filename_prefix,2,train
000014_023_suppl_00000346,G0279,filename_prefix,2,train
000014_024_00000071,G0280,singleton,1,train
000014_025_00000184,G0281,singleton,1,train
000014_025_suppl_00000308,G0282,singleton,1,val
000014_026_00000064,G0283,filename_prefix,3,val
000014_026_00000127,G0283,filename_prefix,3,val
000014_026_00000190,G0283,filename_prefix,3,val
000014_026_suppl_00000160,G0284,singleton,1,train
000014_032_00000068,G0285,singleton,1,train
000014_035_00000199,G0286,singleton,1,train
000014_037_00000271,G0287,singleton,1,val
000014_037_suppl_00000451,G0288,singleton,1,train
000014_045_suppl_00000390,G0289,singleton,1,train
000014_047_00000139,G0290,filename_prefix,2,val
000014_047_00000208,G0290,filename_prefix,2,val
000014_047_suppl_00000349,G0291,singleton,1,train
000014_049_suppl_00000180,G0292,singleton,1,train
000014_050_00000001,G0293,filename_prefix,3,train
000014_050_00000137,G0293,filename_prefix,3,train
000014_050_00000273,G0293,filename_prefix,3,train
000014_050_suppl_00000172,G0294,singleton,1,train
000014_051_suppl_00000171,G0295,filename_prefix,2,train
000014_051_suppl_00000341,G0295,filename_prefix,2,train
000014_052_00000001,G0296,filename_prefix,4,train
000014_052_00000131,G0296,filename_prefix,4,train
000014_052_00000196,G0296,filename_prefix,4,train
000014_052_00000261,G0296,filename_prefix,4,train
000014_052_suppl_00000164,G0297,singleton,1,val
000014_053_suppl_00000165,G0298,singleton,1,train
000014_060_00000001,G0299,filename_prefix,2,val
000014_060_00000205,G0299,filename_prefix,2,val
000014_062_00000001,G0300,singleton,1,train
000014_062_suppl_00000174,G0301,singleton,1,train
000014_064_00000001,G0302,filename_prefix,2,train
000014_064_00000135,G0302,filename_prefix,2,train
000014_069_suppl_00000350,G0303,singleton,1,val
000015_004_00000090,G0304,filename_prefix,3,train
000015_004_00000179,G0304,filename_prefix,3,train
000015_004_00000268,G0304,filename_prefix,3,train
000015_004_suppl_00000223,G0305,singleton,1,train
000015_008_00000001,G0306,singleton,1,train
000015_009_00000001,G0307,singleton,1,train
000016,G0308,singleton,1,train
000016_001_00000001,G0309,filename_prefix,4,train
000016_001_00000068,G0309,filename_prefix,4,train
000016_001_00000202,G0309,filename_prefix,4,train
000016_001_00000269,G0309,filename_prefix,4,train
000016_003_suppl_00000166,G0310,singleton,1,val
000016_006_00000001,G0311,filename_prefix,2,train
000016_006_00000253,G0311,filename_prefix,2,train
000016_008_00000133,G0312,filename_prefix,2,train
000016_008_00000265,G0312,filename_prefix,2,train
000016_008_suppl_00000331,G0313,singleton,1,train
000016_009_00000001,G0314,singleton,1,train
000016_015_00000129,G0315,singleton,1,train
000016_016_00000065,G0316,filename_prefix,3,val
000016_016_00000129,G0316,filename_prefix,3,val
000016_016_00000257,G0316,filename_prefix,3,val
000016_016_suppl_00000324,G0317,singleton,1,train
000016_021_00000001,G0318,filename_prefix,3,train
000016_021_00000125,G0318,filename_prefix,3,train
000016_021_00000249,G0318,filename_prefix,3,train
000016_021_suppl_00000156,G0319,filename_prefix,2,val
000016_021_suppl_00000310,G0319,filename_prefix,2,val
000016_023_00000001,G0320,filename_prefix,2,train
000016_023_00000143,G0320,filename_prefix,2,train
000016_024_suppl_00000180,G0321,singleton,1,train
000016_027_00000001,G0322,filename_prefix,2,train
000016_027_00000281,G0322,filename_prefix,2,train
000016_028_00000257,G0323,singleton,1,train
000016_030_00000069,G0324,singleton,1,train
000016_033_00000208,G0325,singleton,1,train
000016_034_00000067,G0326,filename_prefix,3,val
000016_034_00000199,G0326,filename_prefix,3,val
000016_034_00000265,G0326,filename_prefix,3,val
000016_034_suppl_00000330,G0327,singleton,1,val
000016_036_suppl_00000363,G0328,singleton,1,train
000016_039_00000190,G0329,singleton,1,train
000016_039_suppl_00000160,G0330,singleton,1,train
000016_042_00000261,G0331,singleton,1,val
000016_042_suppl_00000164,G0332,singleton,1,train
000016_043_00000117,G0333,singleton,1,train
000016_043_suppl_00000147,G0334,filename_prefix,2,train
000016_043_suppl_00000292,G0334,filename_prefix,2,train
000016_044_00000085,G0335,filename_prefix,3,train
000016_044_00000127,G0335,filename_prefix,3,train
000016_044_00000169,G0335,filename_prefix,3,train
000017_010_00000143,G0336,singleton,1,train
000017_011_00000297,G0337,singleton,1,train
000017_012_00000135,G0338,filename_prefix,2,train
000017_012_00000202,G0338,filename_prefix,2,train
000017_012_suppl_00000335,G0339,singleton,1,val
000017_015_00000001,G0340,singleton,1,train
000017_015_suppl_00000162,G0341,singleton,1,val
000017_018_suppl_00000233,G0342,singleton,1,train
000017_020_00000001,G0343,filename_prefix,2,train
000017_020_00000214,G0343,filename_prefix,2,train
000017_020_suppl_00000179,G0344,filename_prefix,2,train
000017_020_suppl_00000356,G0344,filename_prefix,2,train
000017_021_00000001,G0345,filename_prefix,2,train
000017_021_00000265,G0345,filename_prefix,2,train
000017_021_suppl_00000166,G0346,filename_prefix,2,train
000017_021_suppl_00000331,G0346,filename_prefix,2,train
000018_001_00000155,G0347,filename_prefix,2,train
000018_001_00000232,G0347,filename_prefix,2,train
000018_003_suppl_00000173,G0348,singleton,1,train
000018_004_00000155,G0349,filename_prefix,2,train
000018_004_00000232,G0349,filename_prefix,2,train
000018_006_00000063,G0350,filename_prefix,2,train
000018_006_00000187,G0350,filename_prefix,2,train
000018_007_00000001,G0351,filename_prefix,4,train
000018_007_00000139,G0351,filename_prefix,4,train
000018_007_00000208,G0351,filename_prefix,4,train
000018_007_00000277,G0351,filename_prefix,4,train
000018_008_00000001,G0352,filename_prefix,2,train
000018_008_00000261,G0352,filename_prefix,2,train
000019_003_00000139,G0353,singleton,1,train
000019_005_00000001,G0354,filename_prefix,3,val
000019_005_00000066,G0354,filename_prefix,3,val
000019_005_00000196,G0354,filename_prefix,3,val
000019_009_00000141,G0355,singleton,1,train
000019_014_00000001,G0356,singleton,1,train
000019_015_00000001,G0357,singleton,1,train
000019_016_00000052,G0358,filename_prefix,2,train
000019_016_00000154,G0358,filename_prefix,2,train
000019_017_00000001,G0359,singleton,1,train
000019_018_00000001,G0360,filename_prefix,3,train
000019_018_00000049,G0360,filename_prefix,3,train
000019_018_00000145,G0360,filename_prefix,3,train
000019_019_00000225,G0361,singleton,1,train
000019_027_00000141,G0362,singleton,1,train
000019_028_00000273,G0363,singleton,1,train
000019_029_00000205,G0364,singleton,1,val
000019_030_00000001,G0365,filename_prefix,3,train
000019_030_00000072,G0365,filename_prefix,3,train
000019_030_00000285,G0365,filename_prefix,3,train
000019_038_00000205,G0366,singleton,1,train
000019_039_00000277,G0367,singleton,1,train
000019_040_00000208,G0368,singleton,1,train
000019_041_00000141,G0369,singleton,1,train
000019_044_00000001,G0370,singleton,1,train
000019_045_00000145,G0371,singleton,1,train
000020_002_00000123,G0372,singleton,1,train
000020_003_00000253,G0373,singleton,1,train
000020_010_00000001,G0374,filename_prefix,4,train
000020_010_00000023,G0374,filename_prefix,4,train
000020_010_00000045,G0374,filename_prefix,4,train
000020_010_00000089,G0374,filename_prefix,4,train
000020_011_00000076,G0375,filename_prefix,2,val
000020_011_00000151,G0375,filename_prefix,2,val
000020_014_00000001,G0376,filename_prefix,3,val
000020_014_00000129,G0376,filename_prefix,3,val
000020_014_00000193,G0376,filename_prefix,3,val
000020_015_00000064,G0377,filename_prefix,3,train
000020_015_00000127,G0377,filename_prefix,3,train
000020_015_00000253,G0377,filename_prefix,3,train
000020_018_00000093,G0378,singleton,1,train
000021_001_00000133,G0379,filename_prefix,3,train
000021_001_00000199,G0379,filename_prefix,3,train
000021_001_00000265,G0379,filename_prefix,3,train
000021_003_00000001,G0380,filename_prefix,2,train
000021_003_00000091,G0380,filename_prefix,2,train
000021_004_00000065,G0381,filename_prefix,3,train
000021_004_00000129,G0381,filename_prefix,3,train
000021_004_00000193,G0381,filename_prefix,3,train
000021_006_00000208,G0382,singleton,1,train
000021_007_00000137,G0383,singleton,1,train
000021_014_00000066,G0384,filename_prefix,3,train
000021_014_00000131,G0384,filename_prefix,3,train
000021_014_00000261,G0384,filename_prefix,3,train
000021_015_00000001,G0385,singleton,1,train
000021_020_00000131,G0386,singleton,1,train
000021_021_00000028,G0387,filename_prefix,2,train
000021_021_00000109,G0387,filename_prefix,2,train
000021_024_00000085,G0388,singleton,1,train
000022_006_00000001,G0389,singleton,1,train
000022_008_00000001,G0390,singleton,1,train
000022_014_00000068,G0391,filename_prefix,2,train
000022_014_00000269,G0391,filename_prefix,2,train
000022_018_00000001,G0392,singleton,1,train
000023_001_00000001,G0393,filename_prefix,3,train
000023_001_00000082,G0393,filename_prefix,3,train
000023_001_00000325,G0393,filename_prefix,3,train
000023_002_00000001,G0394,filename_prefix,3,train
000023_002_00000072,G0394,filename_prefix,3,train
000023_002_00000285,G0394,filename_prefix,3,train
000023_003_00000341,G0395,singleton,1,train
000023_005_00000070,G0396,filename_prefix,2,val
000023_005_00000139,G0396,filename_prefix,2,val
000023_008_00000068,G0397,filename_prefix,3,val
000023_008_00000202,G0397,filename_prefix,3,val
000023_008_00000269,G0397,filename_prefix,3,val
000023_009_00000217,G0398,singleton,1,val
000023_012_00000085,G0399,filename_prefix,2,train
000023_012_00000169,G0399,filename_prefix,2,train
000027,G0400,singleton,1,train
000029,G0401,singleton,1,train
000031,G0402,singleton,1,train
000032,G0403,singleton,1,train
000032_003_00000001,G0404,filename_prefix,3,train
000032_003_00000066,G0404,filename_prefix,3,train
000032_003_00000131,G0404,filename_prefix,3,train
000032_027_00000013,G0405,filename_prefix,2,train
000032_027_00000037,G0405,filename_prefix,2,train
000032_028_00000009,G0406,filename_prefix,2,val
000032_028_00000017,G0406,filename_prefix,2,val
000032_029_00000001,G0407,singleton,1,train
000034,G0408,singleton,1,train
000037,G0409,singleton,1,train
000040,G0410,singleton,1,val
000042,G0411,singleton,1,train
000043,G0412,singleton,1,train
000045,G0413,singleton,1,train
000050,G0414,singleton,1,val
000051,G0415,singleton,1,val
000056,G0416,singleton,1,train
000066,G0417,singleton,1,train
000070,G0418,singleton,1,train
000078,G0419,singleton,1,train
000081,G0420,singleton,1,train
000097,G0421,singleton,1,train
000105,G0422,singleton,1,train
000109,G0423,singleton,1,val
000114,G0424,singleton,1,train
000116,G0425,singleton,1,train
000127,G0426,singleton,1,train
000130,G0427,singleton,1,train
000140,G0428,singleton,1,train
000146,G0429,singleton,1,train
000152,G0430,singleton,1,train
000157,G0431,singleton,1,train
000162,G0432,singleton,1,train
000173,G0433,singleton,1,train
000181,G0434,singleton,1,train
000182,G0435,singleton,1,val
000186,G0436,singleton,1,val
000190,G0437,singleton,1,val
000195,G0438,singleton,1,train
000203,G0439,singleton,1,val
000206,G0440,singleton,1,train
000224,G0441,singleton,1,val
000234,G0442,singleton,1,train
000235,G0443,singleton,1,val
000239,G0444,singleton,1,train
000242,G0445,singleton,1,train
000259,G0446,singleton,1,train
000261,G0447,singleton,1,train
000266,G0448,singleton,1,train
000279,G0449,singleton,1,train
000281,G0450,singleton,1,train
000282,G0451,singleton,1,val
000284,G0452,singleton,1,train
000289,G0453,singleton,1,train
000295,G0454,singleton,1,train
000300,G0455,singleton,1,train
000301,G0456,singleton,1,train
000303,G0457,singleton,1,val
000305,G0458,singleton,1,train
000309,G0459,singleton,1,train
000311,G0460,singleton,1,train
000313,G0461,singleton,1,train
000323,G0462,singleton,1,val
000328,G0463,singleton,1,train
000329,G0464,singleton,1,train
000333,G0465,singleton,1,train
000336,G0466,singleton,1,val
000339,G0467,singleton,1,train
000345,G0468,singleton,1,train
000347,G0469,singleton,1,train
000348,G0470,singleton,1,train
000350,G0471,singleton,1,val
000353,G0472,singleton,1,train
000355,G0473,singleton,1,train
000358,G0474,singleton,1,train
000363,G0475,singleton,1,train
000366,G0476,singleton,1,train
000369,G0477,singleton,1,train
000374,G0478,singleton,1,train
000377,G0479,singleton,1,train
000379,G0480,singleton,1,train
000380,G0481,singleton,1,val
000395,G0482,singleton,1,train
000404,G0483,singleton,1,val
000406,G0484,singleton,1,train
000415,G0485,singleton,1,train
000418,G0486,singleton,1,val
000422,G0487,singleton,1,train
000426,G0488,singleton,1,train
000428,G0489,singleton,1,train
000429,G0490,singleton,1,val
000433,G0491,singleton,1,train
000437,G0492,singleton,1,train
000452,G0493,singleton,1,train
000456,G0494,singleton,1,train
000458,G0495,singleton,1,train
000461,G0496,singleton,1,train
000463,G0497,singleton,1,val
000464,G0498,singleton,1,train
000481,G0499,singleton,1,train
000484,G0500,singleton,1,train
000487,G0501,singleton,1,train
000492,G0502,singleton,1,train
000493,G0503,singleton,1,train
000495,G0504,singleton,1,val
000498,G0505,singleton,1,train
000500,G0506,singleton,1,train
000508,G0507,singleton,1,val
000509,G0508,singleton,1,train
000519,G0509,singleton,1,train
000520,G0510,singleton,1,train
000522,G0511,singleton,1,train
000524,G0512,singleton,1,val
000525,G0513,singleton,1,val
000542,G0514,singleton,1,train
000543,G0515,singleton,1,train
000545,G0516,singleton,1,train
000546,G0517,singleton,1,val
000548,G0518,singleton,1,train
000553,G0519,singleton,1,train
000554,G0520,singleton,1,val
000561,G0521,singleton,1,train
000567,G0522,singleton,1,train
000575,G0523,singleton,1,val
000578,G0524,singleton,1,train
000580,G0525,singleton,1,train
000581,G0526,singleton,1,train
000583,G0527,singleton,1,train
000586,G0528,singleton,1,train
000597,G0529,singleton,1,train
000599,G0530,singleton,1,train
000602,G0531,singleton,1,train
000605,G0532,singleton,1,train
000610,G0533,singleton,1,train
000615,G0534,singleton,1,train
000630,G0535,singleton,1,train
000635,G0536,singleton,1,train
000637,G0537,singleton,1,train
000642,G0538,singleton,1,train
000644,G0539,singleton,1,train
000647,G0540,singleton,1,train
000656,G0541,singleton,1,train
000660,G0542,singleton,1,train
000666,G0543,singleton,1,train
000680,G0544,singleton,1,train
000690,G0545,singleton,1,train
000693,G0546,singleton,1,val
000696,G0547,singleton,1,train
000702,G0548,singleton,1,train
000707,G0549,singleton,1,train
000708,G0550,singleton,1,train
000711,G0551,singleton,1,train
000724,G0552,singleton,1,train
000733,G0553,singleton,1,train
000735,G0554,singleton,1,train
000738,G0555,singleton,1,val
000739,G0556,singleton,1,train
000744,G0557,singleton,1,train
000745,G0558,singleton,1,train
000750,G0559,singleton,1,train
000752,G0560,singleton,1,train
000755,G0561,singleton,1,train
000756,G0562,singleton,1,train
000758,G0563,singleton,1,train
000759,G0564,singleton,1,train
000761,G0565,singleton,1,train
000764,G0566,singleton,1,train
000766,G0567,singleton,1,train
000779,G0568,singleton,1,val
000780,G0569,singleton,1,val
000782,G0570,singleton,1,train
000783,G0571,singleton,1,train
000788,G0572,singleton,1,val
000790,G0573,singleton,1,train
000794,G0574,singleton,1,val
000795,G0575,singleton,1,val
000803,G0576,singleton,1,train
000808,G0577,singleton,1,train
000809,G0578,singleton,1,train
000812,G0579,singleton,1,train
000813,G0580,singleton,1,train
000820,G0581,singleton,1,train
000834,G0582,singleton,1,val
000836,G0583,singleton,1,train
000849,G0584,singleton,1,train
000850,G0585,singleton,1,train
000863,G0586,singleton,1,train
000868,G0587,singleton,1,train
000872,G0588,singleton,1,val
000877,G0589,singleton,1,train
000879,G0590,singleton,1,train
000883,G0591,singleton,1,train
000889,G0592,singleton,1,train
000892,G0593,singleton,1,train
000900,G0594,singleton,1,train
000914,G0595,singleton,1,train
000917,G0596,singleton,1,val
000919,G0597,singleton,1,train
000920,G0598,singleton,1,train
000924,G0599,singleton,1,train
000926,G0600,singleton,1,val
000943,G0601,singleton,1,train
000944,G0602,singleton,1,train
000946,G0603,singleton,1,val
000952,G0604,singleton,1,val
000953,G0605,singleton,1,train
000955,G0606,singleton,1,train
000957,G0607,singleton,1,train
000958,G0608,singleton,1,train
000962,G0609,singleton,1,val
000976,G0610,singleton,1,val
000982,G0611,singleton,1,train
000984,G0612,singleton,1,val
000987,G0613,singleton,1,train
001015,G0614,singleton,1,val
001029,G0615,singleton,1,train
001033,G0616,singleton,1,train
001035,G0617,singleton,1,train
001038,G0618,singleton,1,train
001039,G0619,singleton,1,val
001045,G0620,singleton,1,train
001047,G0621,singleton,1,train
001056,G0622,singleton,1,train
001063,G0623,singleton,1,train
001065,G0624,singleton,1,train
001069,G0625,singleton,1,train
001072,G0626,singleton,1,train
001075,G0627,singleton,1,train
001077,G0628,singleton,1,train
001098,G0629,singleton,1,train
001103,G0630,singleton,1,val
001105,G0631,singleton,1,train
001110,G0632,singleton,1,train
001112,G0633,singleton,1,val
001114,G0634,singleton,1,train
001119,G0635,singleton,1,val
001120,G0636,singleton,1,train
001122,G0637,singleton,1,train
001123,G0638,singleton,1,train
001128,G0639,singleton,1,train
001131,G0640,singleton,1,train
001135,G0641,singleton,1,train
001138,G0642,numeric_visual_sequence,2,val
001139,G0642,numeric_visual_sequence,2,val
001142,G0643,singleton,1,train
001144,G0644,singleton,1,val
001145,G0645,singleton,1,train
001148,G0646,singleton,1,train
001151,G0647,singleton,1,train
001156,G0648,singleton,1,train
001157,G0649,singleton,1,val
001164,G0650,singleton,1,train
001168,G0651,singleton,1,train
001172,G0652,singleton,1,train
001173,G0653,singleton,1,val
001179,G0654,singleton,1,train
001189,G0655,singleton,1,train
001199,G0656,singleton,1,train
001202,G0657,numeric_visual_sequence,3,val
001206,G0657,numeric_visual_sequence,3,val
001210,G0657,numeric_visual_sequence,3,val
001211,G0658,singleton,1,val
001216,G0659,singleton,1,train
001224,G0660,numeric_visual_sequence,4,train
001225,G0660,numeric_visual_sequence,4,train
001227,G0660,numeric_visual_sequence,4,train
001229,G0660,numeric_visual_sequence,4,train
001240,G0661,singleton,1,train
001249,G0662,singleton,1,train
001252,G0663,numeric_visual_sequence,3,val
001257,G0663,numeric_visual_sequence,3,val
001260,G0663,numeric_visual_sequence,3,val
001265,G0664,numeric_visual_sequence,3,val
001270,G0664,numeric_visual_sequence,3,val
001273,G0664,numeric_visual_sequence,3,val
001275,G0665,numeric_visual_sequence,3,train
001276,G0665,numeric_visual_sequence,3,train
001278,G0665,numeric_visual_sequence,3,train
001279,G0666,singleton,1,train
001281,G0667,singleton,1,train
001291,G0668,singleton,1,train
001294,G0669,singleton,1,train
001295,G0670,singleton,1,val
001300,G0671,singleton,1,train
001305,G0672,singleton,1,train
001306,G0673,singleton,1,val
001313,G0674,singleton,1,val
001318,G0675,singleton,1,train
001324,G0676,singleton,1,train
001326,G0677,singleton,1,train
001329,G0678,singleton,1,train
001330,G0679,singleton,1,train
001332,G0680,singleton,1,val
001335,G0681,singleton,1,train
001340,G0682,singleton,1,train
001341,G0683,singleton,1,train
001345,G0684,singleton,1,train
001346,G0685,singleton,1,val
001351,G0686,singleton,1,train
001353,G0687,singleton,1,train
001356,G0688,singleton,1,train
001359,G0689,singleton,1,val
001362,G0690,singleton,1,train
001364,G0691,singleton,1,train
001367,G0692,singleton,1,train
001368,G0693,singleton,1,train
001372,G0694,singleton,1,train
001373,G0695,singleton,1,train
001379,G0696,singleton,1,val
001387,G0697,singleton,1,train
001388,G0698,singleton,1,train
001395,G0699,singleton,1,train
001400,G0700,singleton,1,val
001401,G0701,singleton,1,train
001407,G0702,singleton,1,train
001409,G0703,singleton,1,train
001411,G0704,singleton,1,train
001415,G0705,singleton,1,val
001417,G0706,singleton,1,train
001419,G0707,singleton,1,train
001431,G0708,singleton,1,train
001438,G0709,singleton,1,train
001443,G0710,singleton,1,train
001453,G0711,numeric_visual_sequence,3,train
001458,G0711,numeric_visual_sequence,3,train
001459,G0711,numeric_visual_sequence,3,train
001461,G0712,numeric_visual_sequence,3,train
001466,G0712,numeric_visual_sequence,3,train
001470,G0712,numeric_visual_sequence,3,train
001486,G0713,numeric_visual_sequence,2,train
001488,G0713,numeric_visual_sequence,2,train
001496,G0714,singleton,1,val
001499,G0715,singleton,1,train
001507,G0716,singleton,1,val
001508,G0717,singleton,1,train
001510,G0718,singleton,1,train
001512,G0719,singleton,1,train
001521,G0720,singleton,1,train
001529,G0721,singleton,1,train
001531,G0722,singleton,1,train
001542,G0723,singleton,1,val
001543,G0724,singleton,1,train
001548,G0725,singleton,1,val
001555,G0726,singleton,1,train
001558,G0727,singleton,1,train
001567,G0728,singleton,1,train
001569,G0729,singleton,1,train
001577,G0730,singleton,1,train
001578,G0731,singleton,1,val
001582,G0732,singleton,1,train
001589,G0733,singleton,1,train
001593,G0734,singleton,1,train
001602,G0735,singleton,1,train
001604,G0736,singleton,1,train
001610,G0737,singleton,1,val
001612,G0738,singleton,1,train
001613,G0739,singleton,1,train
001616,G0740,singleton,1,train
001621,G0741,singleton,1,train
001623,G0742,singleton,1,train
001624,G0743,singleton,1,val
001628,G0744,singleton,1,train
001629,G0745,singleton,1,train
001631,G0746,numeric_visual_sequence,2,train
001632,G0746,numeric_visual_sequence,2,train
001634,G0747,singleton,1,train
001640,G0748,singleton,1,train
001642,G0749,numeric_visual_sequence,2,train
001643,G0749,numeric_visual_sequence,2,train
001651,G0750,numeric_visual_sequence,2,val
001655,G0750,numeric_visual_sequence,2,val
001667,G0751,singleton,1,train
001674,G0752,singleton,1,train
001677,G0753,numeric_visual_sequence,2,train
001678,G0753,numeric_visual_sequence,2,train
001683,G0754,numeric_visual_sequence,2,val
001685,G0754,numeric_visual_sequence,2,val
001686,G0755,singleton,1,train
001694,G0756,singleton,1,val
001701,G0757,numeric_visual_sequence,6,train
001702,G0757,numeric_visual_sequence,6,train
001704,G0757,numeric_visual_sequence,6,train
001705,G0757,numeric_visual_sequence,6,train
001707,G0757,numeric_visual_sequence,6,train
001710,G0757,numeric_visual_sequence,6,train
001712,G0758,numeric_visual_sequence,4,train
001715,G0758,numeric_visual_sequence,4,train
001716,G0758,numeric_visual_sequence,4,train
001720,G0758,numeric_visual_sequence,4,train
001721,G0759,numeric_visual_sequence,4,train
001724,G0759,numeric_visual_sequence,4,train
001726,G0759,numeric_visual_sequence,4,train
001728,G0759,numeric_visual_sequence,4,train
001737,G0760,singleton,1,train
001742,G0761,singleton,1,val
001743,G0762,singleton,1,train
001748,G0763,numeric_visual_sequence,2,train
001753,G0763,numeric_visual_sequence,2,train
001759,G0764,singleton,1,train
001763,G0765,numeric_visual_sequence,3,val
001764,G0765,numeric_visual_sequence,3,val
001767,G0765,numeric_visual_sequence,3,val
001774,G0766,numeric_visual_sequence,2,train
001775,G0766,numeric_visual_sequence,2,train
001782,G0767,singleton,1,train
001783,G0768,singleton,1,train
001785,G0769,singleton,1,train
001786,G0770,singleton,1,train
001789,G0771,singleton,1,train
001795,G0772,singleton,1,train
001798,G0773,singleton,1,train
001800,G0774,singleton,1,train
001803,G0775,singleton,1,train
001813,G0776,singleton,1,train
001827,G0777,singleton,1,train
001829,G0778,singleton,1,train
001833,G0779,singleton,1,train
001835,G0780,singleton,1,val
001841,G0781,singleton,1,train
001851,G0782,singleton,1,train
001854,G0783,numeric_visual_sequence,3,train
001857,G0783,numeric_visual_sequence,3,train
001859,G0783,numeric_visual_sequence,3,train
001862,G0784,singleton,1,train
001865,G0785,singleton,1,train
001873,G0786,singleton,1,train
001879,G0787,singleton,1,train
001881,G0788,singleton,1,train
001884,G0789,singleton,1,train
001886,G0790,singleton,1,val
001891,G0791,singleton,1,train
001892,G0792,singleton,1,train
001897,G0793,singleton,1,val
001898,G0794,singleton,1,val
001902,G0795,singleton,1,train
001910,G0796,singleton,1,train
001918,G0797,singleton,1,train
001924,G0798,singleton,1,val
001927,G0799,singleton,1,train
001930,G0800,singleton,1,train
001946,G0801,singleton,1,train
001960,G0802,numeric_visual_sequence,2,train
001965,G0802,numeric_visual_sequence,2,train
001967,G0803,numeric_visual_sequence,2,val
001970,G0803,numeric_visual_sequence,2,val
001971,G0804,singleton,1,train
001979,G0805,numeric_visual_sequence,5,train
001981,G0805,numeric_visual_sequence,5,train
001986,G0805,numeric_visual_sequence,5,train
001987,G0805,numeric_visual_sequence,5,train
001989,G0805,numeric_visual_sequence,5,train
001997,G0806,singleton,1,train
002005,G0807,numeric_visual_sequence,2,train
002006,G0807,numeric_visual_sequence,2,train
002013,G0808,numeric_visual_sequence,3,train
002014,G0808,numeric_visual_sequence,3,train
002016,G0808,numeric_visual_sequence,3,train
002022,G0809,singleton,1,train
002029,G0810,singleton,1,train
002035,G0811,numeric_visual_sequence,2,train
002037,G0811,numeric_visual_sequence,2,train
002041,G0812,singleton,1,train
002048,G0813,singleton,1,train
002060,G0814,singleton,1,train
002065,G0815,numeric_visual_sequence,2,train
002068,G0815,numeric_visual_sequence,2,train
002078,G0816,singleton,1,train
002079,G0817,numeric_visual_sequence,3,val
002084,G0817,numeric_visual_sequence,3,val
002087,G0817,numeric_visual_sequence,3,val
002097,G0818,singleton,1,val
002102,G0819,singleton,1,train
002110,G0820,singleton,1,train
002120,G0821,singleton,1,train
002123,G0822,singleton,1,train
002132,G0823,singleton,1,val
002134,G0824,singleton,1,train
002142,G0825,singleton,1,train
002143,G0826,singleton,1,train
002145,G0827,singleton,1,train
002154,G0828,singleton,1,train
002156,G0829,singleton,1,val
002158,G0830,singleton,1,train
002159,G0831,singleton,1,train
002161,G0832,singleton,1,train
002164,G0833,singleton,1,train
002167,G0834,singleton,1,val
002174,G0835,numeric_visual_sequence,2,train
002175,G0835,numeric_visual_sequence,2,train
002185,G0836,singleton,1,val
002189,G0837,singleton,1,train
002194,G0838,singleton,1,train
002196,G0839,singleton,1,train
002202,G0840,singleton,1,train
002207,G0841,singleton,1,train
002224,G0842,singleton,1,val
002227,G0843,singleton,1,train
002230,G0844,singleton,1,train
002232,G0845,singleton,1,train
002235,G0846,singleton,1,train
002243,G0847,singleton,1,train
002251,G0848,singleton,1,train
002252,G0849,singleton,1,train
002259,G0850,singleton,1,train
002260,G0851,singleton,1,train
002265,G0852,singleton,1,train
002267,G0853,singleton,1,train
002271,G0854,singleton,1,train
002275,G0855,singleton,1,train
002276,G0856,singleton,1,train
002278,G0857,singleton,1,val
002281,G0858,singleton,1,train
002286,G0859,singleton,1,train
002292,G0860,singleton,1,train
002296,G0861,singleton,1,train
002298,G0862,singleton,1,val
002305,G0863,singleton,1,train
002308,G0864,singleton,1,train
002315,G0865,singleton,1,train
002318,G0866,singleton,1,val
002326,G0867,numeric_visual_sequence,2,val
002327,G0867,numeric_visual_sequence,2,val
002331,G0868,singleton,1,train
002332,G0869,singleton,1,train
002334,G0870,singleton,1,train
002338,G0871,singleton,1,val
002340,G0872,singleton,1,train
002342,G0873,singleton,1,train
002343,G0874,singleton,1,val
002345,G0875,singleton,1,train
002346,G0876,singleton,1,train
002351,G0877,singleton,1,train
002357,G0878,singleton,1,train
002359,G0879,singleton,1,train
002372,G0880,singleton,1,train
002375,G0881,singleton,1,train
002378,G0882,singleton,1,val
002380,G0883,singleton,1,train
002381,G0884,singleton,1,train
002383,G0885,singleton,1,train
002386,G0886,singleton,1,train
002392,G0887,singleton,1,train
002395,G0888,singleton,1,train
002398,G0889,singleton,1,train
002400,G0890,singleton,1,train
002413,G0891,singleton,1,train
002422,G0892,singleton,1,train
002425,G0893,singleton,1,train
002427,G0894,singleton,1,train
002430,G0895,singleton,1,val
002432,G0896,singleton,1,train
002437,G0897,singleton,1,train
002440,G0898,singleton,1,train
002457,G0899,singleton,1,val
002460,G0900,singleton,1,train
002475,G0901,singleton,1,train
002479,G0902,singleton,1,train
002494,G0903,singleton,1,train
002496,G0904,singleton,1,train
002497,G0905,singleton,1,train
002500,G0906,singleton,1,train
002506,G0907,singleton,1,train
002508,G0908,singleton,1,train
002509,G0909,singleton,1,train
002514,G0910,singleton,1,train
002517,G0911,singleton,1,val
002520,G0912,singleton,1,train
002522,G0913,singleton,1,val
002535,G0914,singleton,1,train
002538,G0915,singleton,1,train
002542,G0916,singleton,1,val
002547,G0917,singleton,1,train
002556,G0918,singleton,1,train
002569,G0919,singleton,1,train
002576,G0920,singleton,1,train
002579,G0921,singleton,1,train
002584,G0922,singleton,1,train
002587,G0923,singleton,1,train
002588,G0924,singleton,1,train
002592,G0925,singleton,1,val
002593,G0926,singleton,1,train
002598,G0927,singleton,1,val
002600,G0928,singleton,1,train
002604,G0929,singleton,1,train
002607,G0930,singleton,1,train
002625,G0931,singleton,1,train
002627,G0932,singleton,1,train
002630,G0933,singleton,1,train
002633,G0934,singleton,1,train
002634,G0935,singleton,1,train
002642,G0936,singleton,1,train
002663,G0937,singleton,1,val
002668,G0938,singleton,1,train
002671,G0939,singleton,1,train
002676,G0940,singleton,1,val
002677,G0941,singleton,1,train
002687,G0942,singleton,1,train
002690,G0943,singleton,1,train
002692,G0944,singleton,1,train
002693,G0945,singleton,1,val
002704,G0946,singleton,1,train
002707,G0947,singleton,1,train
002709,G0948,singleton,1,val
002724,G0949,singleton,1,train
002725,G0950,singleton,1,val
002730,G0951,singleton,1,train
002741,G0952,singleton,1,train
002744,G0953,singleton,1,train
002750,G0954,singleton,1,train
002753,G0955,singleton,1,train
002756,G0956,singleton,1,train
002762,G0957,singleton,1,train
002770,G0958,singleton,1,train
002804,G0959,singleton,1,train
002807,G0960,singleton,1,train
002816,G0961,singleton,1,train
002818,G0962,singleton,1,train
002821,G0963,singleton,1,train
002839,G0964,singleton,1,train
002842,G0965,singleton,1,val
002844,G0966,singleton,1,train
002848,G0967,singleton,1,train
002872,G0968,singleton,1,val
002874,G0969,singleton,1,train
002876,G0970,singleton,1,train
002877,G0971,singleton,1,val
002883,G0972,singleton,1,train
002888,G0973,singleton,1,train
002897,G0974,singleton,1,train
002903,G0975,singleton,1,train
002906,G0976,singleton,1,train
002909,G0977,singleton,1,train
002910,G0978,singleton,1,train
002912,G0979,singleton,1,val
002914,G0980,singleton,1,train
002918,G0981,singleton,1,train
002923,G0982,singleton,1,train
002935,G0983,singleton,1,train
002940,G0984,singleton,1,train
002946,G0985,singleton,1,train
002953,G0986,singleton,1,train
002955,G0987,singleton,1,val
002962,G0988,singleton,1,val
002965,G0989,singleton,1,train
002970,G0990,singleton,1,train
002972,G0991,singleton,1,train
002976,G0992,singleton,1,train
002984,G0993,singleton,1,train
002987,G0994,singleton,1,train
002992,G0995,singleton,1,train
002996,G0996,singleton,1,train
002998,G0997,singleton,1,train
003004,G0998,singleton,1,train
003007,G0999,singleton,1,train
003009,G1000,singleton,1,train
003013,G1001,singleton,1,train
003017,G1002,singleton,1,train
003019,G1003,singleton,1,val
003022,G1004,singleton,1,train
003026,G1005,singleton,1,train
003034,G1006,singleton,1,train
003040,G1007,singleton,1,val
003044,G1008,singleton,1,train
003047,G1009,singleton,1,train
003052,G1010,singleton,1,train
003056,G1011,singleton,1,val
003058,G1012,singleton,1,train
003075,G1013,singleton,1,val
003078,G1014,singleton,1,train
003080,G1015,singleton,1,train
003082,G1016,singleton,1,train
003085,G1017,singleton,1,train
003087,G1018,singleton,1,train
003090,G1019,singleton,1,val
003093,G1020,singleton,1,train
003096,G1021,singleton,1,val
003098,G1022,singleton,1,train
003102,G1023,singleton,1,train
003105,G1024,singleton,1,train
003107,G1025,singleton,1,train
003109,G1026,singleton,1,train
003124,G1027,singleton,1,val
003125,G1028,singleton,1,train
003127,G1029,singleton,1,train
003133,G1030,singleton,1,val
003134,G1031,singleton,1,train
003138,G1032,singleton,1,val
003139,G1033,singleton,1,train
003148,G1034,singleton,1,train
003152,G1035,singleton,1,train
003154,G1036,singleton,1,train
003157,G1037,singleton,1,train
003159,G1038,singleton,1,val
003160,G1039,singleton,1,train
003162,G1040,singleton,1,val
003165,G1041,singleton,1,train
003168,G1042,singleton,1,train
003170,G1043,singleton,1,train
003179,G1044,singleton,1,train
003186,G1045,singleton,1,train
003192,G1046,singleton,1,val
003193,G1047,singleton,1,train
003197,G1048,numeric_visual_sequence,2,train
003198,G1048,numeric_visual_sequence,2,train
003200,G1049,singleton,1,val
003218,G1050,numeric_visual_sequence,2,train
003219,G1050,numeric_visual_sequence,2,train
003225,G1051,singleton,1,train
003227,G1052,singleton,1,train
003234,G1053,singleton,1,train
003237,G1054,singleton,1,train
003240,G1055,singleton,1,train
003244,G1056,singleton,1,train
003246,G1057,singleton,1,train
003257,G1058,singleton,1,val
003262,G1059,singleton,1,train
003265,G1060,singleton,1,val
003269,G1061,singleton,1,train
003273,G1062,singleton,1,train
003279,G1063,singleton,1,train
003282,G1064,singleton,1,train
003288,G1065,singleton,1,train
003298,G1066,singleton,1,train
003299,G1067,singleton,1,val
003301,G1068,singleton,1,train
003304,G1069,singleton,1,train
003309,G1070,singleton,1,train
003312,G1071,numeric_visual_sequence,3,train
003314,G1071,numeric_visual_sequence,3,train
003315,G1071,numeric_visual_sequence,3,train
003317,G1072,singleton,1,train
003338,G1073,singleton,1,train
003340,G1074,singleton,1,train
003342,G1075,singleton,1,train
003343,G1076,singleton,1,train
003346,G1077,singleton,1,train
003348,G1078,singleton,1,val
003349,G1079,singleton,1,val
003353,G1080,singleton,1,train
003357,G1081,singleton,1,val
003363,G1082,singleton,1,train
003368,G1083,singleton,1,train
003375,G1084,singleton,1,train
003380,G1085,singleton,1,train
003386,G1086,singleton,1,train
003389,G1087,singleton,1,train
003393,G1088,singleton,1,val
003405,G1089,singleton,1,train
003408,G1090,singleton,1,train
003409,G1091,singleton,1,train
003411,G1092,singleton,1,val
003419,G1093,singleton,1,train
003421,G1094,singleton,1,val
003422,G1095,singleton,1,train
003425,G1096,singleton,1,train
003430,G1097,singleton,1,train
003443,G1098,singleton,1,train
003444,G1099,singleton,1,train
003448,G1100,singleton,1,train
003451,G1101,singleton,1,train
003452,G1102,singleton,1,train
003455,G1103,singleton,1,val
003457,G1104,singleton,1,train
003460,G1105,singleton,1,train
003466,G1106,singleton,1,train
003468,G1107,singleton,1,train
003469,G1108,singleton,1,train
003472,G1109,singleton,1,train
003475,G1110,singleton,1,train
003477,G1111,singleton,1,train
003480,G1112,singleton,1,train
003485,G1113,singleton,1,train
003487,G1114,singleton,1,val
003489,G1115,singleton,1,val
003490,G1116,singleton,1,train
003515,G1117,singleton,1,val
003517,G1118,singleton,1,train
003519,G1119,singleton,1,train
003524,G1120,singleton,1,train
003526,G1121,singleton,1,val
003529,G1122,singleton,1,train
003532,G1123,singleton,1,train
003535,G1124,singleton,1,train
003537,G1125,singleton,1,train
003541,G1126,singleton,1,train
003543,G1127,singleton,1,val
003546,G1128,singleton,1,val
003557,G1129,singleton,1,train
003566,G1130,singleton,1,train
003570,G1131,singleton,1,train
003574,G1132,singleton,1,train
003588,G1133,singleton,1,train
003592,G1134,singleton,1,train
003594,G1135,singleton,1,train
003595,G1136,singleton,1,val
003597,G1137,singleton,1,train
003603,G1138,singleton,1,val
003606,G1139,singleton,1,train
003608,G1140,singleton,1,train
003609,G1141,singleton,1,train
003613,G1142,singleton,1,train
003620,G1143,singleton,1,train
003626,G1144,singleton,1,train
003637,G1145,singleton,1,train
003639,G1146,singleton,1,train
003642,G1147,singleton,1,train
003645,G1148,singleton,1,val
003647,G1149,singleton,1,train
003648,G1150,singleton,1,val
003653,G1151,singleton,1,train
003656,G1152,singleton,1,train
003659,G1153,singleton,1,train
003661,G1154,singleton,1,train
003663,G1155,singleton,1,train
003667,G1156,singleton,1,train
003675,G1157,singleton,1,train
003678,G1158,singleton,1,train
003679,G1159,singleton,1,val
003692,G1160,singleton,1,train
003696,G1161,singleton,1,train
003703,G1162,singleton,1,train
003706,G1163,singleton,1,train
003709,G1164,singleton,1,val
003714,G1165,singleton,1,train
003722,G1166,singleton,1,train
003723,G1167,singleton,1,train
003725,G1168,singleton,1,val
003730,G1169,singleton,1,train
003731,G1170,singleton,1,train
003733,G1171,singleton,1,train
003739,G1172,singleton,1,val
003741,G1173,singleton,1,train
003744,G1174,singleton,1,val
003747,G1175,singleton,1,train
003749,G1176,singleton,1,train
003752,G1177,singleton,1,train
003757,G1178,singleton,1,train
003762,G1179,singleton,1,train
003764,G1180,singleton,1,train
003766,G1181,singleton,1,val
003767,G1182,singleton,1,train
003769,G1183,singleton,1,train
003770,G1184,singleton,1,train
003782,G1185,singleton,1,val
003783,G1186,singleton,1,train
003788,G1187,singleton,1,train
003790,G1188,singleton,1,train
003794,G1189,singleton,1,val
003805,G1190,singleton,1,train
003813,G1191,singleton,1,val
003815,G1192,singleton,1,train
003817,G1193,singleton,1,train
003820,G1194,singleton,1,train
003824,G1195,singleton,1,train
003827,G1196,singleton,1,train
003830,G1197,singleton,1,train
003836,G1198,singleton,1,train
003838,G1199,singleton,1,train
003843,G1200,singleton,1,train
003847,G1201,singleton,1,train
003852,G1202,singleton,1,train
003856,G1203,singleton,1,train
003857,G1204,singleton,1,train
003859,G1205,singleton,1,train
003860,G1206,singleton,1,train
003863,G1207,singleton,1,train
003868,G1208,singleton,1,train
003869,G1209,singleton,1,train
003872,G1210,singleton,1,train
003873,G1211,singleton,1,val
003882,G1212,singleton,1,val
003890,G1213,singleton,1,train
003895,G1214,numeric_visual_sequence,2,train
003896,G1214,numeric_visual_sequence,2,train
003898,G1215,singleton,1,train
003900,G1216,singleton,1,train
003902,G1217,singleton,1,train
003904,G1218,singleton,1,train
003916,G1219,singleton,1,train
003919,G1220,singleton,1,val
003923,G1221,singleton,1,train
003925,G1222,singleton,1,train
003926,G1223,singleton,1,val
003930,G1224,singleton,1,train
003934,G1225,singleton,1,train
003941,G1226,singleton,1,train
003942,G1227,singleton,1,train
003946,G1228,singleton,1,train
003949,G1229,singleton,1,train
003955,G1230,singleton,1,train
003958,G1231,singleton,1,val
003963,G1232,singleton,1,train
003965,G1233,singleton,1,train
003973,G1234,singleton,1,train
003974,G1235,singleton,1,val
003976,G1236,singleton,1,train
003979,G1237,singleton,1,train
003980,G1238,singleton,1,val
003982,G1239,singleton,1,train
003985,G1240,singleton,1,train
003987,G1241,singleton,1,train
003993,G1242,singleton,1,train
003996,G1243,singleton,1,val
hehe_100_000001_049_00000001,G1244,singleton,1,train
hehe_101_000001_049_00000022,G1245,singleton,1,train
hehe_102_000001_049_00000043,G1246,singleton,1,train
hehe_104_000001_050_00000172,G1247,singleton,1,train
hehe_105_000002_001_00000201,G1248,singleton,1,train
hehe_107_000002_001_00000101,G1249,singleton,1,train
hehe_10_00000044,G1250,singleton,1,train
hehe_111_000002_003_00000001,G1251,singleton,1,train
hehe_112_000002_003_00000082,G1252,singleton,1,train
hehe_113_000002_003_00000163,G1253,singleton,1,train
hehe_114_000002_003_00000244,G1254,singleton,1,val
hehe_115_000002_003_00000325,G1255,singleton,1,train
hehe_117_000002_004_00000049,G1256,singleton,1,train
hehe_118_000002_004_00000097,G1257,singleton,1,val
hehe_131_000002_007_00000001,G1258,singleton,1,val
hehe_146_000002_010_00000166,G1259,singleton,1,train
hehe_14_00000113,G1260,singleton,1,train
hehe_16_00000102,G1261,singleton,1,train
hehe_173_000002_024_00000105,G1262,singleton,1,train
hehe_176_000002_025_00000001,G1263,singleton,1,train
hehe_178_000002_025_00000079,G1264,singleton,1,val
hehe_180_000002_025_00000157,G1265,singleton,1,train
hehe_184_000002_027_00000109,G1266,singleton,1,train
hehe_186_000002_028_00000050,G1267,singleton,1,train
hehe_190_000002_029_00000072,G1268,singleton,1,val
hehe_191_000002_029_00000143,G1269,singleton,1,val
hehe_193_000002_029_00000285,G1270,singleton,1,train
hehe_195_000002_030_00000057,G1271,singleton,1,train
hehe_196_000002_030_00000113,G1272,singleton,1,val
hehe_19_00000013,G1273,singleton,1,train
hehe_1_00000111,G1274,singleton,1,train
hehe_209_000002_033_00000133,G1275,singleton,1,train
hehe_219_000002_039_00000185,G1276,singleton,1,train
hehe_221_000002_041_00000050,G1277,singleton,1,train
hehe_222_000002_041_00000099,G1278,singleton,1,train
hehe_223_000002_041_00000148,G1279,singleton,1,val
hehe_224_000002_041_00000197,G1280,singleton,1,train
hehe_229_000002_043_00000001,G1281,singleton,1,train
hehe_22_00000004,G1282,singleton,1,train
hehe_230_000002_043_00000061,G1283,singleton,1,train
hehe_232_000002_043_00000181,G1284,singleton,1,val
hehe_234_000002_044_00000055,G1285,singleton,1,train
hehe_235_000002_044_00000109,G1286,singleton,1,train
hehe_237_000002_044_00000217,G1287,singleton,1,train
hehe_238_000002_045_00000001,G1288,singleton,1,train
hehe_239_000002_045_00000050,G1289,singleton,1,train
hehe_23_00000021,G1290,singleton,1,train
hehe_240_000002_045_00000099,G1291,singleton,1,train
hehe_241_000002_045_00000148,G1292,singleton,1,train
hehe_244_000002_047_00000062,G1293,singleton,1,val
hehe_247_000002_047_00000245,G1294,singleton,1,train
hehe_249_000002_048_00000061,G1295,singleton,1,train
hehe_250_000002_048_00000121,G1296,singleton,1,train
hehe_254_000002_049_00000071,G1297,singleton,1,train
hehe_256_000002_049_00000211,G1298,singleton,1,train
hehe_258_000002_050_00000066,G1299,singleton,1,train
hehe_259_000002_050_00000131,G1300,singleton,1,train
hehe_25_00000001,G1301,singleton,1,train
hehe_268_000002_058_00000051,G1302,singleton,1,train
hehe_274_000002_060_00000105,G1303,singleton,1,val
hehe_278_000002_066_00000050,G1304,singleton,1,train
hehe_279_000002_066_00000099,G1305,singleton,1,train
hehe_287_000002_070_00000130,G1306,singleton,1,train
hehe_289_000002_071_00000001,G1307,singleton,1,train
hehe_290_000002_071_00000051,G1308,singleton,1,val
hehe_295_000002_072_00000189,G1309,singleton,1,train
hehe_296_000002_074_00000001,G1310,singleton,1,val
hehe_297_000002_074_00000075,G1311,singleton,1,train
hehe_298_000002_074_00000223,G1312,singleton,1,val
hehe_299_000002_074_00000297,G1313,singleton,1,train
hehe_300_000002_076_00000001,G1314,singleton,1,train
hehe_301_000002_076_00000042,G1315,singleton,1,train
hehe_31_00000001,G1316,singleton,1,train
hehe_39_00000020,G1317,singleton,1,val
hehe_3_00000001,G1318,singleton,1,train
hehe_40_00000033,G1319,singleton,1,train
hehe_41_00000096,G1320,singleton,1,train
hehe_45_00000001,G1321,singleton,1,train
hehe_48_00000001,G1322,singleton,1,val
hehe_52_00000107,G1323,singleton,1,val
hehe_61_00000090,G1324,singleton,1,val
hehe_63_00000153,G1325,singleton,1,val
hehe_65_00000229,G1326,singleton,1,train
hehe_69_00000070,G1327,singleton,1,train
hehe_6_00000054,G1328,singleton,1,val
hehe_81_00000050,G1329,singleton,1,val
hehe_86_00000253,G1330,singleton,1,train
hehe_87_00000315,G1331,singleton,1,val
hehe_8_00000135,G1332,singleton,1,train
shuming_0_00000001,G1333,singleton,1,train
shuming_1001_00000447,G1334,singleton,1,val
shuming_1005_00000004,G1335,singleton,1,train
shuming_1007_00000230,G1336,singleton,1,train
shuming_1013_00000065,G1337,singleton,1,train
shuming_1018_00000294,G1338,singleton,1,val
shuming_1022_00000429,G1339,singleton,1,train
shuming_1027_00000268,G1340,singleton,1,train
shuming_1028_00000411,G1341,singleton,1,val
shuming_1029_00000248,G1342,singleton,1,train
shuming_102_00000228,G1343,singleton,1,train
shuming_1031_00000312,G1344,singleton,1,val
shuming_1037_00000263,G1345,singleton,1,train
shuming_1038_00000223,G1346,singleton,1,train
shuming_1040_00000267,G1347,singleton,1,train
shuming_1041_00000343,G1348,singleton,1,train
shuming_1042_00000215,G1349,singleton,1,train
shuming_1045_00000017,G1350,singleton,1,train
shuming_1049_00000372,G1351,singleton,1,train
shuming_1062_00000100,G1352,singleton,1,train
shuming_1063_00000147,G1353,singleton,1,train
shuming_1064_00000087,G1354,singleton,1,train
shuming_1069_00000322,G1355,singleton,1,val
shuming_1071_00000007,G1356,singleton,1,train
shuming_1074_00000208,G1357,singleton,1,val
shuming_1075_00000273,G1358,singleton,1,train
shuming_1076_00000257,G1359,singleton,1,val
shuming_1078_00000211,G1360,singleton,1,train
shuming_1079_00000233,G1361,singleton,1,val
shuming_1080_00000016,G1362,singleton,1,val
shuming_1083_00000254,G1363,singleton,1,train
shuming_1085_00000369,G1364,singleton,1,train
shuming_1087_00000279,G1365,singleton,1,train
shuming_1093_00000194,G1366,singleton,1,train
shuming_1094_00000385,G1367,singleton,1,train
shuming_1095_00000237,G1368,singleton,1,train
shuming_1096_00000023,G1369,singleton,1,train
shuming_1101_00000011,G1370,singleton,1,val
shuming_1102_00000132,G1371,singleton,1,train
shuming_1114_00000182,G1372,singleton,1,val
shuming_1115_00000363,G1373,singleton,1,train
shuming_1116_00000046,G1374,singleton,1,train
shuming_1117_00000043,G1375,singleton,1,train
shuming_1118_00000222,G1376,singleton,1,train
shuming_1119_00000005,G1377,singleton,1,train
shuming_1132_00000385,G1378,singleton,1,train
shuming_1133_00000288,G1379,singleton,1,train
shuming_1135_00000213,G1380,singleton,1,train
shuming_1140_00000084,G1381,singleton,1,train
shuming_1143_00000368,G1382,singleton,1,train
shuming_1145_00000074,G1383,singleton,1,train
shuming_1148_00000041,G1384,singleton,1,train
shuming_114_00000351,G1385,singleton,1,train
shuming_1152_00000389,G1386,singleton,1,train
shuming_1157_00000010,G1387,singleton,1,train
shuming_1159_00000050,G1388,singleton,1,val
shuming_115_00000140,G1389,singleton,1,train
shuming_1160_00000019,G1390,singleton,1,train
shuming_1161_00000200,G1391,singleton,1,train
shuming_1169_00000086,G1392,singleton,1,train
shuming_116_00000223,G1393,singleton,1,train
shuming_1171_00000198,G1394,singleton,1,val
shuming_1173_00000032,G1395,singleton,1,train
shuming_1177_00000343,G1396,singleton,1,train
shuming_1178_00000011,G1397,singleton,1,train
shuming_1180_00000231,G1398,singleton,1,train
shuming_1186_00000156,G1399,singleton,1,train
shuming_1189_00000082,G1400,singleton,1,train
shuming_118_00000216,G1401,singleton,1,train
shuming_1190_00000268,G1402,singleton,1,train
shuming_1198_00000108,G1403,singleton,1,train
shuming_1199_00000559,G1404,singleton,1,val
shuming_1201_00000116,G1405,singleton,1,train
shuming_1205_00000024,G1406,singleton,1,train
shuming_1222_00000138,G1407,singleton,1,train
shuming_1225_00000044,G1408,singleton,1,train
shuming_1239_00000375,G1409,singleton,1,train
shuming_1242_00000015,G1410,singleton,1,val
shuming_1243_00000132,G1411,singleton,1,val
shuming_1249_00000249,G1412,singleton,1,train
shuming_1251_00000203,G1413,singleton,1,train
shuming_1252_00000115,G1414,singleton,1,train
shuming_1253_00000257,G1415,singleton,1,train
shuming_1254_00000065,G1416,singleton,1,train
shuming_1256_00000326,G1417,singleton,1,train
shuming_1258_00000407,G1418,singleton,1,val
shuming_1259_00000405,G1419,singleton,1,train
shuming_125_00000363,G1420,singleton,1,train
shuming_1265_00000063,G1421,singleton,1,train
shuming_1268_00000236,G1422,singleton,1,val
shuming_1279_00000416,G1423,singleton,1,train
shuming_1282_00000093,G1424,singleton,1,train
shuming_1285_00000032,G1425,singleton,1,train
shuming_1290_00000136,G1426,singleton,1,val
shuming_1291_00000090,G1427,singleton,1,train
shuming_1293_00000193,G1428,singleton,1,train
shuming_1294_00000189,G1429,singleton,1,train
shuming_1297_00000063,G1430,singleton,1,val
shuming_1299_00000258,G1431,singleton,1,val
shuming_12_00000224,G1432,singleton,1,train
shuming_1301_00000165,G1433,singleton,1,train
shuming_1302_00000029,G1434,singleton,1,train
shuming_1306_00000306,G1435,singleton,1,train
shuming_130_00000408,G1436,singleton,1,val
shuming_1311_00000362,G1437,singleton,1,train
shuming_1317_00000431,G1438,singleton,1,train
shuming_1318_00000225,G1439,singleton,1,train
shuming_1320_00000293,G1440,singleton,1,train
shuming_1327_00000141,G1441,singleton,1,train
shuming_1333_00000220,G1442,singleton,1,train
shuming_1335_00000255,G1443,singleton,1,train
shuming_1337_00000068,G1444,singleton,1,val
shuming_1338_00000245,G1445,singleton,1,val
shuming_1339_00000274,G1446,singleton,1,train
shuming_133_00000038,G1447,singleton,1,train
shuming_1340_00000022,G1448,singleton,1,val
shuming_1341_00000241,G1449,singleton,1,train
shuming_1342_00000278,G1450,singleton,1,train
shuming_1344_00000167,G1451,singleton,1,train
shuming_135_00000356,G1452,singleton,1,train
shuming_139_00000166,G1453,singleton,1,train
shuming_13_00000355,G1454,singleton,1,train
shuming_143_00000385,G1455,singleton,1,train
shuming_145_00000172,G1456,singleton,1,val
shuming_147_00000179,G1457,singleton,1,train
shuming_150_00000326,G1458,singleton,1,train
shuming_155_00000033,G1459,singleton,1,val
shuming_156_00000368,G1460,singleton,1,train
shuming_158_00000074,G1461,singleton,1,val
shuming_165_00000030,G1462,singleton,1,train
shuming_16_00000203,G1463,singleton,1,train
shuming_173_00000150,G1464,singleton,1,val
shuming_174_00000200,G1465,singleton,1,val
shuming_178_00000173,G1466,singleton,1,train
shuming_181_00000323,G1467,singleton,1,train
shuming_182_00000086,G1468,singleton,1,train
shuming_195_00000379,G1469,singleton,1,val
shuming_204_00000268,G1470,singleton,1,train
shuming_206_00000265,G1471,singleton,1,val
shuming_208_00000285,G1472,singleton,1,train
shuming_215_00000189,G1473,singleton,1,train
shuming_21_00000331,G1474,singleton,1,train
shuming_225_00000136,G1475,singleton,1,train
shuming_227_00000023,G1476,singleton,1,train
shuming_228_00000257,G1477,singleton,1,train
shuming_229_00000042,G1478,singleton,1,train
shuming_22_00000135,G1479,singleton,1,train
shuming_230_00000101,G1480,singleton,1,train
shuming_237_00000290,G1481,singleton,1,train
shuming_245_00000415,G1482,singleton,1,train
shuming_246_00000274,G1483,singleton,1,train
shuming_24_00000001,G1484,singleton,1,train
shuming_250_00000253,G1485,singleton,1,train
shuming_253_00000398,G1486,singleton,1,train
shuming_256_00000366,G1487,singleton,1,val
shuming_259_00000175,G1488,singleton,1,train
shuming_25_00000095,G1489,singleton,1,val
shuming_262_00000257,G1490,singleton,1,train
shuming_271_00000357,G1491,singleton,1,train
shuming_277_00000236,G1492,singleton,1,train
shuming_278_00000186,G1493,singleton,1,train
shuming_281_00000021,G1494,singleton,1,train
shuming_283_00000014,G1495,singleton,1,val
shuming_284_00000029,G1496,singleton,1,train
shuming_29_00000006,G1497,singleton,1,train
shuming_2_00000045,G1498,singleton,1,train
shuming_304_00000152,G1499,singleton,1,train
shuming_306_00000136,G1500,singleton,1,val
shuming_309_00000310,G1501,singleton,1,train
shuming_311_00000029,G1502,singleton,1,train
shuming_314_00000301,G1503,singleton,1,train
shuming_317_00000056,G1504,singleton,1,train
shuming_321_00000066,G1505,singleton,1,val
shuming_327_00000224,G1506,singleton,1,val
shuming_328_00000176,G1507,singleton,1,train
shuming_329_00000063,G1508,singleton,1,train
shuming_330_00000176,G1509,singleton,1,train
shuming_337_00000209,G1510,singleton,1,train
shuming_340_00000020,G1511,singleton,1,val
shuming_342_00000275,G1512,singleton,1,val
shuming_343_00000288,G1513,singleton,1,train
shuming_357_00000306,G1514,singleton,1,train
shuming_35_00000199,G1515,singleton,1,train
shuming_373_00000007,G1516,singleton,1,train
shuming_375_00000012,G1517,singleton,1,train
shuming_377_00000053,G1518,singleton,1,train
shuming_37_00000261,G1519,singleton,1,train
shuming_380_00000005,G1520,singleton,1,train
shuming_381_00000195,G1521,singleton,1,train
shuming_384_00000171,G1522,singleton,1,val
shuming_386_00000007,G1523,singleton,1,train
shuming_392_00000032,G1524,singleton,1,train
shuming_393_00000084,G1525,singleton,1,train
shuming_396_00000045,G1526,singleton,1,val
shuming_39_00000018,G1527,singleton,1,train
shuming_400_00000081,G1528,singleton,1,train
shuming_401_00000230,G1529,singleton,1,train
shuming_402_00000053,G1530,singleton,1,train
shuming_403_00000023,G1531,singleton,1,train
shuming_404_00000048,G1532,singleton,1,train
shuming_40_00000065,G1533,singleton,1,train
shuming_410_00000037,G1534,singleton,1,val
shuming_411_00000031,G1535,singleton,1,train
shuming_413_00000061,G1536,singleton,1,train
shuming_414_00000005,G1537,singleton,1,val
shuming_415_00000040,G1538,singleton,1,train
shuming_417_00000134,G1539,singleton,1,train
shuming_419_00000053,G1540,singleton,1,train
shuming_420_00000156,G1541,singleton,1,val
shuming_425_00000056,G1542,singleton,1,train
shuming_426_00000088,G1543,singleton,1,train
shuming_430_00000125,G1544,singleton,1,train
shuming_431_00000134,G1545,singleton,1,train
shuming_435_00000005,G1546,singleton,1,train
shuming_439_00000034,G1547,singleton,1,train
shuming_440_00000022,G1548,singleton,1,train
shuming_443_00000026,G1549,singleton,1,train
shuming_447_00000074,G1550,singleton,1,train
shuming_452_00000047,G1551,singleton,1,train
shuming_45_00000001,G1552,singleton,1,train
shuming_460_00000016,G1553,singleton,1,val
shuming_461_00000082,G1554,singleton,1,train
shuming_464_00000098,G1555,singleton,1,train
shuming_465_00000030,G1556,singleton,1,train
shuming_466_00000062,G1557,singleton,1,train
shuming_470_00000057,G1558,singleton,1,train
shuming_476_00000059,G1559,singleton,1,train
shuming_478_00000002,G1560,singleton,1,train
shuming_482_00000018,G1561,singleton,1,train
shuming_483_00000028,G1562,singleton,1,train
shuming_484_00000041,G1563,singleton,1,train
shuming_485_00000027,G1564,singleton,1,val
shuming_486_00000001,G1565,singleton,1,train
shuming_490_00000131,G1566,singleton,1,train
shuming_496_00000002,G1567,singleton,1,train
shuming_497_00000051,G1568,singleton,1,val
shuming_498_00000035,G1569,singleton,1,train
shuming_503_00000052,G1570,singleton,1,val
shuming_505_00000027,G1571,singleton,1,train
shuming_525_00000084,G1572,singleton,1,train
shuming_526_00000001,G1573,singleton,1,train
shuming_52_00000032,G1574,singleton,1,train
shuming_533_00000162,G1575,singleton,1,train
shuming_536_00000023,G1576,singleton,1,train
shuming_542_00000221,G1577,singleton,1,val
shuming_550_00000268,G1578,singleton,1,train
shuming_551_00000248,G1579,singleton,1,train
shuming_554_00000328,G1580,singleton,1,train
shuming_560_00000331,G1581,singleton,1,train
shuming_562_00000223,G1582,singleton,1,val
shuming_568_00000249,G1583,singleton,1,train
shuming_571_00000215,G1584,singleton,1,val
shuming_573_00000262,G1585,singleton,1,train
shuming_574_00000017,G1586,singleton,1,train
shuming_577_00000093,G1587,singleton,1,train
shuming_578_00000372,G1588,singleton,1,train
shuming_57_00000001,G1589,singleton,1,val
shuming_580_00000043,G1590,singleton,1,train
shuming_589_00000038,G1591,singleton,1,train
shuming_601_00000007,G1592,singleton,1,train
shuming_607_00000371,G1593,singleton,1,train
shuming_608_00000031,G1594,singleton,1,train
shuming_610_00000148,G1595,singleton,1,train
shuming_611_00000254,G1596,singleton,1,train
shuming_612_00000323,G1597,singleton,1,train
shuming_614_00000279,G1598,singleton,1,train
shuming_61_00000001,G1599,singleton,1,train
shuming_620_00000388,G1600,singleton,1,train
shuming_623_00000091,G1601,singleton,1,train
shuming_633_00000140,G1602,singleton,1,train
shuming_636_00000001,G1603,singleton,1,train
shuming_63_00000393,G1604,singleton,1,val
shuming_644_00000222,G1605,singleton,1,train
shuming_646_00000275,G1606,singleton,1,train
shuming_650_00000356,G1607,singleton,1,train
shuming_653_00000015,G1608,singleton,1,train
shuming_655_00000135,G1609,singleton,1,train
shuming_656_00000242,G1610,singleton,1,train
shuming_65_00000043,G1611,singleton,1,train
shuming_661_00000179,G1612,singleton,1,train
shuming_663_00000328,G1613,singleton,1,train
shuming_666_00000215,G1614,singleton,1,train
shuming_669_00000191,G1615,singleton,1,train
shuming_66_00000159,G1616,singleton,1,val
shuming_67_00000001,G1617,singleton,1,train
shuming_681_00000137,G1618,singleton,1,train
shuming_682_00000056,G1619,singleton,1,train
shuming_683_00000020,G1620,singleton,1,val
shuming_684_00000195,G1621,singleton,1,train
shuming_688_00000175,G1622,singleton,1,train
shuming_689_00000027,G1623,singleton,1,train
shuming_68_00000033,G1624,singleton,1,train
shuming_690_00000082,G1625,singleton,1,train
shuming_694_00000171,G1626,singleton,1,train
shuming_695_00000360,G1627,singleton,1,train
shuming_698_00000001,G1628,singleton,1,train
shuming_706_00000375,G1629,singleton,1,train
shuming_726_00000312,G1630,singleton,1,train
shuming_728_00000270,G1631,singleton,1,train
shuming_729_00000290,G1632,singleton,1,train
shuming_72_00000270,G1633,singleton,1,val
shuming_731_00000492,G1634,singleton,1,val
shuming_736_00000331,G1635,singleton,1,train
shuming_739_00000351,G1636,singleton,1,train
shuming_740_00000276,G1637,singleton,1,train
shuming_746_00000017,G1638,singleton,1,val
shuming_747_00000093,G1639,singleton,1,val
shuming_74_00000173,G1640,singleton,1,train
shuming_751_00000135,G1641,singleton,1,train
shuming_753_00000172,G1642,singleton,1,train
shuming_755_00000284,G1643,singleton,1,train
shuming_757_00000038,G1644,singleton,1,train
shuming_758_00000371,G1645,singleton,1,train
shuming_759_00000234,G1646,singleton,1,val
shuming_763_00000009,G1647,singleton,1,train
shuming_765_00000301,G1648,singleton,1,train
shuming_767_00000426,G1649,singleton,1,train
shuming_769_00000187,G1650,singleton,1,train
shuming_770_00000007,G1651,singleton,1,train
shuming_774_00000273,G1652,singleton,1,val
shuming_779_00000254,G1653,singleton,1,val
shuming_780_00000323,G1654,singleton,1,train
shuming_783_00000248,G1655,singleton,1,train
shuming_785_00000079,G1656,singleton,1,train
shuming_78_00000046,G1657,singleton,1,train
shuming_790_00000023,G1658,singleton,1,train
shuming_793_00000117,G1659,singleton,1,train
shuming_803_00000317,G1660,singleton,1,train
shuming_808_00000046,G1661,singleton,1,train
shuming_80_00000187,G1662,singleton,1,train
shuming_810_00000222,G1663,singleton,1,train
shuming_813_00000275,G1664,singleton,1,train
shuming_814_00000194,G1665,singleton,1,val
shuming_815_00000038,G1666,singleton,1,train
shuming_823_00000017,G1667,singleton,1,train
shuming_825_00000172,G1668,singleton,1,train
shuming_826_00000213,G1669,singleton,1,train
shuming_829_00000328,G1670,singleton,1,val
shuming_830_00000326,G1671,singleton,1,val
shuming_831_00000084,G1672,singleton,1,val
shuming_837_00000121,G1673,singleton,1,val
shuming_838_00000381,G1674,singleton,1,train
shuming_839_00000041,G1675,singleton,1,val
shuming_842_00000030,G1676,singleton,1,train
shuming_843_00000266,G1677,singleton,1,train
shuming_85_00000273,G1678,singleton,1,val
shuming_862_00000056,G1679,singleton,1,val
shuming_864_00000195,G1680,singleton,1,train
shuming_888_00000023,G1681,singleton,1,train
shuming_890_00000342,G1682,singleton,1,train
shuming_891_00000073,G1683,singleton,1,val
shuming_892_00000065,G1684,singleton,1,train
shuming_894_00000011,G1685,singleton,1,train
shuming_900_00000241,G1686,singleton,1,train
shuming_901_00000019,G1687,singleton,1,train
shuming_909_00000270,G1688,singleton,1,train
shuming_90_00000328,G1689,singleton,1,train
shuming_910_00000290,G1690,singleton,1,train
shuming_911_00000162,G1691,singleton,1,train
shuming_917_00000223,G1692,singleton,1,train
shuming_921_00000342,G1693,singleton,1,train
shuming_924_00000267,G1694,singleton,1,train
shuming_969_00000275,G1695,singleton,1,train
shuming_97_00000279,G1696,singleton,1,train
shuming_980_00000394,G1697,singleton,1,train
shuming_985_00000020,G1698,singleton,1,val
shuming_987_00000275,G1699,singleton,1,train
shuming_988_00000288,G1700,singleton,1,train
shuming_989_00000171,G1701,singleton,1,val
shuming_9_00000357,G1702,singleton,1,train
