image_stem,width,height,mean_luminance,grayscale_std,gt_count,tp_count,fn_count,fp_count,max_gt_pairwise_iou
00000022,640,360,108.22157986111111,70.23455704323617,8,7,1,1,0.0
00000025,640,360,107.26543836805556,69.68988902188384,9,8,1,1,0.19905567625166434
00000036,640,360,124.0962890625,79.89856646854776,8,4,4,2,0.0
00000043,640,360,123.4583984375,76.50663685492694,9,8,1,1,0.09812354742875305
00000104,640,360,110.05413194444445,74.73351740385324,7,7,0,0,0.007950360771349892
00000129,640,360,130.24038194444444,61.344149885717215,2,2,0,0,0.0
00000130,640,360,130.59766059027777,61.34470238757555,2,2,0,0,0.0
00000184,640,360,126.47802951388888,57.94885813938745,3,3,0,0,0.0
00000207,640,360,121.29717013888889,58.6992714408478,3,3,0,0,0.0
00000241,640,360,119.00842447916666,75.27072742658171,2,1,1,0,0.0
00000243,640,360,118.65465711805555,75.38151353556087,1,1,0,1,0.0
00000244,640,360,118.791015625,75.26612972555677,1,1,0,0,0.0
00000248,640,360,119.36036024305555,75.17542653161671,1,0,1,1,0.0
00000253,640,360,114.8798046875,74.2985912490526,1,0,1,0,0.0
00000257,640,360,119.32227430555555,75.8637662860559,1,1,0,0,0.0
00000339,640,360,117.00212239583334,67.28553319448594,3,0,3,0,0.0
00000394,640,360,121.01231770833333,69.04416200235465,1,1,0,0,0.0
000003_013_00000085,1920,1080,106.9881037808642,61.98536174510338,3,0,3,4,0.019853808522096172
000003_013_00000169,1920,1080,102.39033468364198,55.94420997364688,5,1,4,1,0.32370040204961376
000003_014_00000001,1920,1080,100.14572723765433,67.06587671903102,3,2,1,5,0.012590400466015741
000003_014_00000161,1920,1080,102.87124276620371,63.587644961974206,9,5,4,4,0.3883547554987681
000003_029_00000084,1920,1080,103.65522617669752,56.965417818951984,7,3,4,2,0.06343687619079583
000003_029_00000333,1920,1080,101.60219955632716,57.17837503841022,3,1,2,1,0.008086844032850704
000003_051_00000365,1920,1080,98.87972752700617,75.15943398329226,5,5,0,3,0.34722426413157625
00000417,640,360,119.54209635416667,69.09177451782494,2,2,0,0,0.0
00000419,640,360,124.45953993055555,66.69950951528806,2,1,1,0,0.0
00000423,640,360,124.56383246527778,66.47045282700793,2,2,0,0,0.0
00000426,640,360,122.67597222222223,66.37631999963295,1,1,0,0,0.0
00000440,640,360,126.29558159722222,68.61830170906337,1,1,0,0,0.0
00000485,640,360,123.29253038194445,67.49704342627267,1,1,0,0,0.0
000004_018_00000341,1920,1080,109.06542775848766,60.52951104498526,12,2,10,3,0.19879629955221947
00000524,640,360,127.92387152777778,55.326157396867345,2,2,0,0,0.0
00000526,640,360,127.98786024305555,55.09441143349015,2,2,0,2,0.0
00000529,640,360,127.8391579861111,55.36080123945413,2,2,0,1,0.0
000005_032_00000001,1920,1080,111.47354214891975,55.721068511837984,14,9,5,8,0.8558347909094585
000005_032_00000205,1920,1080,114.42648485725309,66.88012918514458,13,11,2,7,0.32823255336466683
00000643,640,360,124.8833203125,69.15669601515438,3,3,0,0,0.0
000006_005_00000295,1920,1080,115.25228587962962,57.61263772673364,7,2,5,7,0.0
000006_005_00000393,1920,1080,117.32485339506172,58.2995345848515,7,3,4,2,0.0
000006_012_00000001,1920,1080,112.87507137345679,62.08788261276693,13,6,7,4,0.6386922806518323
000007_011_00000501,1920,1080,106.64480034722222,79.52327595165588,6,2,4,4,0.07261149722367405
000008_005_00000167,1920,1080,112.83624758873457,35.81079871022589,2,2,0,0,0.0
000008_005_00000333,1920,1080,108.58334587191358,34.387331245479245,2,1,1,1,0.0
000008_005_00000665,1920,1080,116.82627314814815,31.72248835872145,1,1,0,0,0.0
000008_013_00000195,1920,1080,114.39341724537037,56.404716939707406,3,3,0,0,0.0
000008_042_00000273,1920,1080,112.22314766589506,47.56749131399526,3,0,3,3,0.06145469347568913
000009_034_00000179,1920,1080,109.35132908950617,60.29879086477259,8,7,1,2,0.13810263869059689
000009_034_00000268,1920,1080,108.02472222222222,58.0463368571253,7,7,0,2,0.03545148867817762
000011_002_00000001,1920,1080,121.91899980709877,37.795856498352535,3,2,1,5,0.0
000011_002_00000085,1920,1080,121.77951581790123,32.16764089445544,5,3,2,0,0.3967325305188444
000011_006_00000001,1920,1080,106.69536844135803,72.02818915766672,4,0,4,0,0.20341379029142756
000011_006_00000256,1920,1080,100.74214602623456,71.11328264469402,6,0,6,4,0.38766741496573726
000011_015_00000244,1920,1080,128.17761140046295,48.18432177158668,1,1,0,0,0.0
000011_018_00000337,1920,1080,121.93316695601852,43.84789373486361,2,2,0,0,1.3650987976787305e-06
000011_027_00000001,1920,1080,130.93990113811728,64.70965509481739,2,2,0,0,0.10726748384397958
000012_005_00000001,1920,1080,111.92219280478395,64.01561217542108,2,1,1,0,0.0
000012_015_00000253,1920,1080,119.33296875,62.94173853424101,1,1,0,0,0.0
000012_019_00000076,1920,1080,99.45677420910494,63.52188041035481,6,2,4,0,0.03528822671391642
000012_019_00000151,1920,1080,121.25720341435185,69.81839821433992,6,0,6,1,0.0
000012_020_00000365,1920,1080,119.78606336805555,63.783632757908634,1,0,1,2,0.0
000012_022_00000090,1920,1080,99.40482976466049,60.23283297284752,2,0,2,0,0.0
000012_025_00000313,1920,1080,116.83473476080248,71.93245233533182,11,0,11,1,0.0
000013_001_00000001,1920,1080,113.07140625,53.55755838979948,4,3,1,2,0.07764344134068735
000013_001_00000071,1920,1080,108.81148051697531,53.23029361664357,4,2,2,2,0.04725472861586097
000013_001_00000281,1920,1080,107.42322964891976,50.91912663241229,5,4,1,1,0.1967208432521617
000013_011_00000076,1920,1080,112.60831259645062,31.776673744569234,3,1,2,0,0.0
000013_015_suppl_00000384,1920,1080,120.3068537808642,35.052773329803216,4,3,1,2,0.0
000013_017_00000001,1920,1080,107.02914689429012,38.68802751359865,2,2,0,0,0.0
000013_017_00000063,1920,1080,108.81500337577161,39.392003962621075,4,2,2,1,0.0
000013_017_00000125,1920,1080,111.79663146219136,39.47925903604191,3,2,1,0,0.0
000013_017_00000187,1920,1080,118.59002025462964,40.68910073631883,4,4,0,0,0.0
000013_023_00000001,1920,1080,108.85941792052469,36.98635750231792,3,3,0,0,0.0
000013_023_00000075,1920,1080,113.5981785300926,39.7508191091666,3,2,1,1,0.0
000013_023_00000223,1920,1080,114.55285204475308,41.935446697108844,3,0,3,1,0.010398810775691991
000013_036_00000208,1920,1080,108.00789110725309,41.0501285098366,2,1,1,3,0.0
000013_048_suppl_00000180,1920,1080,114.15754918981482,48.689223588452386,4,4,0,1,0.08361683306164874
000013_048_suppl_00000359,1920,1080,108.70008439429013,62.76593283344681,4,3,1,1,0.08614966898546783
000013_052_00000065,1920,1080,124.39400607638889,47.79979573663556,3,2,1,0,0.0
000013_052_00000193,1920,1080,124.57969907407407,49.2771052924695,1,1,0,0,0.0
000013_056_00000071,1920,1080,107.47725067515432,39.81594693131967,7,3,4,0,0.0
000013_056_00000281,1920,1080,121.40554494598766,53.800224407867525,11,9,2,1,0.12233347698943062
000014_023_00000208,1920,1080,100.08296585648148,47.856386271264114,4,2,2,0,0.26332894005441615
000014_023_00000277,1920,1080,109.45543547453704,50.07363035282547,2,1,1,0,0.0
000014_025_suppl_00000308,1920,1080,116.90118875385802,49.12990605837198,4,4,0,2,0.0
000014_026_00000064,1920,1080,107.36869936342593,59.257902691218916,5,4,1,1,0.31874352800784234
000014_026_00000127,1920,1080,94.40233940972222,57.03551738580272,9,8,1,2,0.5483466342276536
000014_026_00000190,1920,1080,100.38547501929013,58.79592082871647,7,7,0,1,0.09274909898632823
000014_037_00000271,1920,1080,103.62872299382715,55.892956604764024,7,6,1,0,0.05013703934410498
000014_047_00000139,1920,1080,120.33872685185185,66.56409845527128,8,3,5,1,0.15779970835205398
000014_047_00000208,1920,1080,116.22015769675926,73.86332449499903,5,4,1,1,0.08867266336863039
000014_052_suppl_00000164,1920,1080,112.65108892746913,62.92363371309023,5,5,0,0,0.09165683354534081
000014_060_00000001,1920,1080,125.47912663966049,36.99416811351287,5,3,2,0,0.0
000014_060_00000205,1920,1080,132.12587866512345,32.048090528598735,4,2,2,1,0.0
000014_069_suppl_00000350,1920,1080,101.5556852816358,66.69547355080692,1,0,1,0,0.0
000016_003_suppl_00000166,1920,1080,125.90493778935185,44.10287867397318,1,1,0,3,0.0
000016_016_00000065,1920,1080,132.58998167438273,45.51660471014882,2,2,0,0,0.0
000016_016_00000129,1920,1080,130.52715760030864,44.822941044822656,2,1,1,0,0.0
000016_016_00000257,1920,1080,127.77684944058642,43.807427937560206,1,1,0,1,0.0
000016_021_suppl_00000156,1920,1080,118.5070524691358,48.10017172021554,5,2,3,3,0.017612193459468788
000016_021_suppl_00000310,1920,1080,116.24687741126543,47.848008642753214,4,3,1,0,0.5341500297381628
000016_034_00000067,1920,1080,98.94090277777778,54.24512484668575,7,6,1,5,0.48613001341800266
000016_034_00000199,1920,1080,120.30644772376543,56.800385571045645,8,6,2,8,0.06914236208872618
000016_034_00000265,1920,1080,119.50015335648148,56.11787725617236,9,6,3,2,0.3477476761738304
000016_034_suppl_00000330,1920,1080,121.60542245370371,54.84481761486775,8,6,2,4,0.22184825567956418
000016_042_00000261,1920,1080,114.89097029320988,56.760819360295066,3,1,2,1,0.9715099863904104
000017_012_suppl_00000335,1920,1080,126.22576533564815,56.58560602348319,3,2,1,2,0.0
000017_015_suppl_00000162,1920,1080,100.54270881558642,52.16397917354345,6,6,0,3,0.3188266148158484
000019_005_00000001,1920,1080,111.62969907407407,84.2333586622432,2,1,1,0,0.0
000019_005_00000066,1920,1080,84.81204475308643,69.14303557847104,2,2,0,0,0.0
000019_005_00000196,1920,1080,96.82714747299383,65.54529964791706,4,2,2,0,0.0
000019_029_00000205,1920,1080,120.8798152970679,43.28767518253827,1,1,0,1,0.0
000020_011_00000076,1920,1080,101.73042197145061,52.28941012400415,6,4,2,2,0.18274598254176666
000020_011_00000151,1920,1080,119.71453366126543,56.122358579470706,7,3,4,5,0.2565040680833762
000020_014_00000001,1920,1080,112.23707561728395,63.803645501006045,6,4,2,7,0.04651505595615393
000020_014_00000129,1920,1080,109.19255160108025,62.37789860793051,7,3,4,1,0.8543637109388833
000020_014_00000193,1920,1080,102.60712625385803,60.679259181681246,7,5,2,5,0.1709793229406991
000023_005_00000070,1920,1080,107.70690682870371,49.17272455755326,7,4,3,0,0.011519389092395077
000023_005_00000139,1920,1080,103.47149112654321,51.734893557025806,5,3,2,0,0.16984034495863148
000023_008_00000068,1920,1080,109.42987606095679,51.097064048278256,3,1,2,1,0.3546769007025457
000023_008_00000202,1920,1080,116.92461709104938,52.38830170352921,5,2,3,2,0.2622751098424883
000023_008_00000269,1920,1080,104.5170346257716,51.977155801886894,4,3,1,0,0.20348617208957406
000023_009_00000217,1920,1080,101.06566888503086,49.20726844232566,3,3,0,1,0.0
000032_028_00000009,1920,1080,105.99984375,50.944608711857725,8,7,1,2,0.48515844873820724
000032_028_00000017,1920,1080,124.43083285108025,54.35724732240203,6,6,0,3,0.3744974277277139
000040,1920,1080,127.41500771604939,43.37076154132324,25,14,11,7,0.1894462761042666
000050,1920,1080,131.2928125,39.5360361390309,37,25,12,15,0.3520327627283087
000051,1920,1080,121.92688512731482,45.79277719551297,38,25,13,21,0.20166354552059054
000109,1920,1080,113.74090760030865,63.632648766109675,1,1,0,0,0.0
000182,1920,1080,115.77524932484567,86.2278148230127,1,1,0,0,0.0
000186,1920,1080,113.80559076003087,93.08105222683434,7,3,4,2,0.0
000190,1920,1080,90.1952416087963,67.36018866367597,6,1,5,0,0.11708946532234886
000203,1920,1080,114.82550298996914,43.63468624516527,4,4,0,1,0.06844219436888696
000224,1920,1080,106.72738763503087,57.71314575062497,2,2,0,1,0.0
000235,1920,1080,101.14767264660493,66.99768629892989,1,1,0,0,0.0
000282,1920,1080,104.04519290123457,65.11788736485911,16,10,6,7,0.3117231722503592
000303,1920,1080,91.558956404321,68.70162883949324,9,7,2,2,0.3385146363318194
000323,1920,1080,92.74874903549383,66.31107793995899,2,2,0,1,0.0
000336,1920,1080,102.99334249614198,73.7624443789566,15,11,4,7,0.15354537199887205
000350,1920,1080,91.03826967592593,53.16306176040418,1,1,0,0,0.0
000380,1920,1080,85.5357103587963,78.86422113991138,3,1,2,1,0.0
000404,1920,1080,101.89220871913581,59.56212352735258,1,1,0,1,0.0
000418,1920,1080,98.38260850694445,55.124908633022564,1,1,0,0,0.0
000429,1920,1080,114.52830005787037,53.10847673900354,2,1,1,1,0.11407022019949094
000463,1920,1080,104.60216772762345,49.21838349979196,2,2,0,1,0.0
000495,1920,1080,96.91242476851852,51.80755175950122,3,3,0,0,0.0
000508,1920,1080,111.8447868441358,40.51941682427109,7,3,4,0,0.0
000524,1920,1080,133.23124083719136,63.64247246986261,2,1,1,0,0.0
000525,1920,1080,117.39123746141975,55.97245986984581,2,1,1,0,0.0
000546,1920,1080,105.79884307484568,61.862328491989985,2,2,0,0,0.15987751707605452
000554,1920,1080,104.15128327546296,54.694853708778965,2,2,0,1,0.0
000575,1920,1080,115.96919560185185,56.76328578072754,2,0,2,3,0.0
000693,1920,1080,101.27179398148148,66.16066627610387,13,8,5,3,0.10674324070522336
000738,1920,1080,104.34525462962964,61.88774821638553,4,1,3,0,0.0
000779,1920,1080,97.7611752507716,71.42904190763953,6,2,4,1,0.02542140116130704
000780,1920,1080,103.08322530864197,65.8577780789916,5,2,3,0,0.09441750118355212
000788,1920,1080,105.48501880787038,78.7643976238532,8,3,5,1,0.02503850627142935
000794,1920,1080,118.40344087577161,38.451503712537445,2,1,1,0,0.0
000795,1920,1080,119.35388069058642,39.05308037582079,1,1,0,0,0.0
000834,1920,1080,107.18888358410494,56.06297734854782,1,1,0,0,0.0
000872,1920,1080,100.12066647376543,59.174771099704444,1,1,0,0,0.0
000917,1920,1080,93.45690923996914,82.87390592480058,1,1,0,0,0.0
000926,1920,1080,128.3574821566358,26.706600744908847,3,1,2,0,0.0
000946,1920,1080,97.99171392746914,55.08728326748035,5,3,2,1,0.021317177407221995
000952,1920,1080,100.92698832947531,59.58605990124246,3,2,1,0,0.0
000962,1920,1080,103.77825713734568,88.71695629881239,5,4,1,2,0.0836076522026046
000976,1920,1080,89.22377266589505,75.09165891227565,1,1,0,1,0.0
000984,1920,1080,105.05655671296296,47.12196468705277,12,8,4,4,0.08339007516276004
001015,1920,1080,91.39795910493827,89.01881925633221,13,2,11,4,0.31283761429017626
001039,1920,1080,107.89651861496914,78.91066710857532,12,9,3,3,0.09709315662249646
001103,1920,1080,102.63831645447532,71.06021087880485,5,4,1,1,0.18501987466861428
001112,1920,1080,107.00076437114197,63.03689095927532,12,9,3,1,0.5678010508958675
001119,1920,1080,101.8870630787037,44.15656526340535,7,7,0,2,0.48574690113021907
001138,1920,1080,120.68853732638888,72.60958517410047,9,7,2,2,0.11782500109117235
001139,1920,1080,125.35090133101852,72.69565681643375,12,4,8,7,0.46157806203878954
001144,1920,1080,116.82787712191357,62.09031215799188,7,7,0,2,0.3212488467478924
001157,1920,1080,109.59258632330247,65.7909765236213,10,8,2,5,0.201443967167007
001173,1920,1080,92.40013888888889,71.36708298735647,4,4,0,2,0.0
001202,1920,1080,127.25835792824074,38.91158558069702,13,13,0,1,0.06058808547993851
001206,1920,1080,127.38986786265433,38.79889885095431,13,13,0,1,0.05275262291945766
001210,1920,1080,127.43646074459876,38.881846760617094,13,13,0,2,0.08398421100814532
001211,1920,1080,127.22147907021605,32.05070434315911,15,15,0,1,0.12673322171574156
001252,1920,1080,132.5593113425926,30.588819137065975,15,15,0,2,0.15922291474156508
001257,1920,1080,133.80635223765432,29.204353373176634,14,14,0,2,0.12628984116930325
001260,1920,1080,133.86496624228394,29.265266042795062,13,13,0,2,0.13540748293416205
001265,1920,1080,131.1008241705247,37.9723306419618,13,13,0,0,0.12185736711675449
001270,1920,1080,129.20990354938272,36.614981223937235,12,12,0,0,0.05171110988141048
001273,1920,1080,127.64013213734567,38.120877551633235,15,15,0,4,0.1454210808618668
001295,1920,1080,109.20349295910493,53.39811257120694,27,16,11,12,0.22790707322875528
001306,1920,1080,118.47923514660494,42.26437050097885,15,8,7,3,0.2738705979247158
001313,1920,1080,117.70718605324075,47.720592101858905,18,8,10,4,0.1956493797449295
001332,1920,1080,115.37520736882716,43.71572367288056,3,3,0,1,0.0
001346,1920,1080,120.756473283179,67.33827669821194,10,8,2,2,0.18841950340754773
001359,1920,1080,103.82685281635803,38.1039001872749,6,6,0,1,0.33350305797079727
001379,1920,1080,111.81306616512346,47.84554030458508,4,3,1,6,0.08999513355527955
001400,1920,1080,127.80013937114198,39.52381347829622,2,1,1,1,0.0
001415,1920,1080,125.75508053626544,38.333295258237364,4,4,0,0,0.0
001496,1920,1080,107.72176552854938,53.865858930513255,2,2,0,0,0.0
001507,1920,1080,112.22087239583334,53.69594758855989,1,1,0,0,0.0
001542,1920,1080,114.41083043981482,53.43058865479465,2,2,0,0,0.0
001548,1920,1080,109.45752363040124,48.87591574796803,2,2,0,0,0.0
001578,1920,1080,106.32272569444444,53.02487839602446,1,1,0,2,0.0
001610,1920,1080,88.33240210262346,73.78142738570008,4,4,0,0,0.0
001624,1920,1080,117.55028838734567,62.889388026626484,3,3,0,0,0.24198876664984073
001651,1920,1080,136.36666232638888,33.0433863103951,10,10,0,3,0.0973725970075
001655,1920,1080,136.50701388888888,32.83109702261167,10,10,0,3,0.07985801884630155
001683,1920,1080,135.62212962962963,32.7400348031848,9,9,0,3,0.08455996844432678
001685,1920,1080,135.5886897183642,32.959977552252184,10,10,0,2,0.24842652223407685
001694,1920,1080,133.35765094521605,32.879136657941636,16,16,0,2,0.11508281390811446
001742,1920,1080,126.82246672453704,30.72405870244654,2,1,1,0,0.0
001763,1920,1080,137.2458839699074,30.014408427248643,2,2,0,0,0.007500633799815648
001764,1920,1080,137.10858169367285,30.461626203361167,2,2,0,0,0.00813062456432898
001767,1920,1080,138.06682339891975,30.126080912806966,2,2,0,0,0.0032468854568132306
001835,1920,1080,134.57603153935185,29.706193147804264,17,16,1,1,0.13871467350715302
001886,1920,1080,133.96674238040123,35.921279977946774,12,11,1,2,0.027483440527614575
001897,1920,1080,133.0263040123457,31.176212587872875,16,16,0,1,0.0862929426737608
001898,1920,1080,132.34970244984567,30.16622421659569,16,16,0,1,0.08583856086695563
001924,1920,1080,131.08514660493827,31.24538636093731,14,13,1,2,0.15120652113121777
001967,1920,1080,125.2580897955247,35.75576938436349,14,14,0,1,0.10025445615552903
001970,1920,1080,125.70828559027778,35.04903471859782,13,13,0,0,0.0206594256893482
002079,1920,1080,128.98904513888888,40.068764479772305,15,14,1,0,0.20206436666492672
002084,1920,1080,128.40129002700618,41.706821794013386,14,14,0,1,0.1940392905060254
002087,1920,1080,126.67631896219136,42.323572182863025,14,14,0,2,0.14087474177957124
002097,1920,1080,125.88763792438272,42.86505071136308,14,14,0,1,0.21744353970575592
002132,1920,1080,103.40193479938272,52.391382508467245,3,2,1,0,0.0
002156,1920,1080,114.77914351851852,51.06760620539057,11,9,2,0,0.3202015116300984
002167,1920,1080,99.90203655478395,81.60045193667194,1,1,0,0,0.0
002185,1920,1080,90.6779759837963,68.05732468571145,1,1,0,1,0.0
002224,1920,1080,112.6723331404321,51.745361965404065,1,1,0,0,0.0
002278,1920,1080,111.26766637731481,57.59886001830904,4,1,3,0,0.08044448591352732
002298,1920,1080,119.96710744598765,71.25517018999531,13,12,1,0,0.0
002318,1920,1080,103.53368393132716,57.26129613069503,3,2,1,3,0.11046813978764147
002326,1920,1080,132.38039882330247,30.86807955496952,14,14,0,3,0.13111729522074447
002327,1920,1080,132.95545958719137,30.065109718448337,13,12,1,3,0.09848534931304362
002338,1920,1080,117.2977874228395,48.495763538049935,6,4,2,0,0.0
002343,1920,1080,112.98708285108025,48.077154592373326,5,4,1,2,0.14431274987693918
002378,1920,1080,131.5500072337963,47.060764832935156,7,6,1,1,0.0
002430,1920,1080,103.68165653935185,35.843816047638654,2,2,0,0,0.005129858301791728
002457,1920,1080,93.71738136574074,53.58490762161615,12,2,10,2,0.057409068051517353
002517,1920,1080,119.93054060570988,77.63203966475827,8,2,6,0,0.29499974023023634
002522,1920,1080,87.26028018904321,74.95952837223057,2,2,0,1,0.0
002542,1920,1080,97.60039351851852,49.08190206953427,2,2,0,0,0.0
002592,1920,1080,94.30366705246914,68.35377294141028,37,27,10,22,0.1270463290260556
002598,1920,1080,96.6928086419753,83.03655320050423,27,18,9,12,0.3909075034321935
002663,1920,1080,109.71629050925925,61.79373707113474,29,19,10,6,0.4152613793116362
002676,1920,1080,95.11232301311729,51.42515916676377,17,15,2,7,0.33619374729775464
002693,1920,1080,115.65267505787037,59.196641863532236,26,18,8,11,0.16903593990771598
002709,1920,1080,119.07598765432098,74.55073698250146,39,24,15,9,0.4338548875607946
002725,1920,1080,101.00915846836419,53.673351280402876,17,14,3,6,0.25772269522136787
002842,1920,1080,99.91329716435185,65.30170712022046,5,3,2,2,0.02879129628229564
002872,1920,1080,117.35576919367284,44.73449459528055,1,1,0,0,0.0
002877,1920,1080,131.96424479166666,35.583949810323986,1,0,1,0,0.0
002912,1920,1080,116.34447096836419,61.813060893818495,24,16,8,7,0.5276394613710785
002955,1920,1080,100.57684220679012,63.90753680887268,24,10,14,6,0.5224473525396127
002962,1920,1080,90.48461323302469,66.08828124381272,15,3,12,2,0.22933348150625193
003019,1920,1080,109.67006703317901,54.322623781616436,8,7,1,3,0.3726178919801819
003040,1920,1080,119.95390817901234,57.12189404836052,6,3,3,0,0.0
003056,1920,1080,103.22550974151234,55.45785432812728,13,1,12,2,0.19509803169612172
003075,1920,1080,108.74592013888889,62.18614794533519,1,1,0,1,0.0
003090,1920,1080,116.90113570601852,67.28710858933952,9,5,4,5,0.6047023504139593
003096,1920,1080,112.87593846450618,56.48320032299598,19,10,9,5,0.38652569297164147
003124,1920,1080,134.23493103780865,25.4991868481928,1,1,0,0,0.0
003133,1920,1080,111.13357397762346,47.859768965618166,8,4,4,1,0.4149738853429966
003138,1920,1080,111.8064983603395,46.813845083995396,3,3,0,1,0.0
003159,1920,1080,101.63397665895062,60.88663579716171,21,16,5,8,0.37102559398208806
003162,1920,1080,118.50115692515432,47.67810177130502,1,1,0,0,0.0
003192,1920,1080,108.69983989197532,67.60894892899172,6,5,1,0,0.5181604869962304
003200,1920,1080,116.71197723765432,69.77859346233107,6,4,2,1,0.3284103961441737
003257,1920,1080,121.4356606867284,50.43621249444249,7,3,4,8,0.22752766169112318
003265,1920,1080,114.46561005015432,54.63592642940122,34,5,29,6,0.11938526260456389
003299,1920,1080,133.5447198109568,37.25017242668174,8,2,6,0,0.07839367787762294
003348,1920,1080,127.12764467592592,55.16276006197125,1,1,0,1,0.0
003349,1920,1080,117.5816266396605,52.58848343308936,1,1,0,1,0.0
003357,1920,1080,114.86996141975308,47.24574883382507,1,0,1,0,0.0
003393,1920,1080,99.21694637345679,47.97548025283517,4,3,1,0,0.08919419636967363
003411,1920,1080,115.75412567515433,53.92694540205163,8,7,1,1,0.4947531789540808
003421,1920,1080,93.64607204861112,62.43092258847598,11,6,5,7,0.23189995027077248
003455,1920,1080,114.8951316550926,61.88617646306346,14,7,7,5,0.20987227841108344
003487,1920,1080,105.40105613425926,45.74305581747227,7,6,1,5,0.055774798311623484
003489,1920,1080,105.75078993055556,54.2936739262287,19,14,5,8,0.992489617863569
003515,1920,1080,103.10487364969136,60.82093916876816,10,2,8,4,0.11212560435891936
003526,1920,1080,111.09081066743828,50.380372730372166,5,2,3,1,0.0
003543,1920,1080,119.39588107638889,38.95386943764213,2,1,1,0,0.3351583744644048
003546,1920,1080,105.17983458719135,39.65446453519385,5,4,1,2,0.0
003595,1920,1080,121.75463927469136,36.08749253899225,7,7,0,1,0.036666883143747296
003603,1920,1080,121.0571199845679,21.737708124688606,5,5,0,1,0.17139548163674487
003645,1920,1080,110.30429398148148,51.14927446260526,19,3,16,0,0.9908732299384749
003648,1920,1080,101.60721836419754,51.00224525643637,14,5,9,4,0.114792291496885
003679,1920,1080,98.66136863425926,57.74886765779928,9,3,6,2,0.15115157593911308
003709,1920,1080,119.01515817901235,30.712953660376325,3,1,2,0,0.0
003725,1920,1080,115.18182918595679,35.181805752270584,1,0,1,1,0.0
003739,1920,1080,119.06578269675926,49.94676481109028,9,4,5,3,0.11849748737168476
003744,1920,1080,119.10788917824074,46.31777799840943,2,1,1,0,0.0
003766,1920,1080,100.94369261188271,47.757767312143606,3,3,0,3,0.24030490004622398
003782,1920,1080,112.58246720679013,57.70734627689824,4,3,1,3,0.2560254310977003
003794,1920,1080,104.46295910493828,57.27956507275744,1,1,0,0,0.0
003813,1920,1080,106.30262635030864,56.257664104495674,1,1,0,0,0.0
003873,1920,1080,95.8447723765432,51.87382878964074,16,6,10,8,0.3508156985038393
003882,1920,1080,109.69628231095679,37.2895609982563,8,4,4,1,0.0
003919,1920,1080,95.02096354166666,55.20806558598092,4,3,1,0,0.0
003926,1920,1080,108.86189380787037,64.87392066052998,6,5,1,1,0.3499275327080559
003958,1920,1080,113.97951822916667,29.304791007657172,46,15,31,13,0.2955532050579324
003974,1920,1080,105.68937355324074,51.81838422784423,45,23,22,32,0.20391979060469223
003980,1920,1080,110.76878375771605,43.95924893383736,53,25,28,26,0.1178112332804686
003996,1920,1080,106.36059413580247,47.8480622692143,23,9,14,3,0.4651534449762511
hehe_114_000002_003_00000244,1920,1080,89.17759114583333,77.43424672482413,13,11,2,3,0.5585521599736749
hehe_118_000002_004_00000097,1920,1080,110.3099821566358,48.86006322988921,1,1,0,1,0.0
hehe_131_000002_007_00000001,1920,1080,122.96227334104938,60.30702606069729,1,0,1,0,0.0
hehe_178_000002_025_00000079,1920,1080,82.37264178240741,77.09795040329568,11,7,4,3,0.7945292770850206
hehe_190_000002_029_00000072,1920,1080,116.79777584876543,41.54542395513366,5,1,4,2,0.08614220635542028
hehe_191_000002_029_00000143,1920,1080,118.3450356867284,53.30455038703909,5,2,3,3,0.0
hehe_196_000002_030_00000113,1920,1080,104.29642554012345,53.74898980131167,4,3,1,0,0.0
hehe_223_000002_041_00000148,1920,1080,116.59176938657407,73.94204431643044,19,8,11,9,0.3312740157507645
hehe_232_000002_043_00000181,1920,1080,108.74187741126543,73.90885617025258,9,6,3,3,0.13601734085771533
hehe_244_000002_047_00000062,1920,1080,100.3260508294753,66.70345444181709,11,7,4,5,0.001980014853437446
hehe_274_000002_060_00000105,1920,1080,117.1980965470679,57.22470805300008,8,4,4,9,0.23101536321134528
hehe_290_000002_071_00000051,1920,1080,92.08250192901235,72.01124523668639,10,3,7,1,0.23401291948855524
hehe_296_000002_074_00000001,1920,1080,102.02299238040123,82.23798744667016,16,8,8,6,0.5202249037207982
hehe_298_000002_074_00000223,1920,1080,91.7477271412037,59.85146468497117,4,1,3,0,0.003567734326233297
hehe_39_00000020,1920,1080,107.8067505787037,82.1754422241726,13,11,2,4,0.5021799261597379
hehe_48_00000001,1920,1080,120.36676215277778,72.73689390100378,2,1,1,4,0.0
hehe_52_00000107,1920,1080,95.51900800540123,63.59662653805896,3,2,1,5,0.0
hehe_61_00000090,1920,1080,111.64534915123457,64.43519173858431,12,2,10,1,0.12524225866703456
hehe_63_00000153,1920,1080,103.06780912422839,56.93964891065367,6,4,2,8,0.19111713902986466
hehe_6_00000054,1920,1080,126.54603732638888,75.99736659597431,18,12,6,5,0.3391985640007694
hehe_81_00000050,1920,1080,110.63274932484568,56.841541831741786,8,1,7,6,0.1277011168657254
hehe_87_00000315,1920,1080,111.8574676890432,56.81373847126439,7,6,1,2,0.29938912658966543
shuming_1001_00000447,1920,1080,109.55834201388889,48.788479431729996,16,10,6,8,0.28698280189925895
shuming_1018_00000294,1920,1080,100.15539930555556,49.65398051549024,12,6,6,6,0.14523410729942896
shuming_1028_00000411,1920,1080,101.52093846450617,54.8088076047638,6,5,1,2,0.06355086789371328
shuming_1031_00000312,1920,1080,109.68573447145062,43.750653634950844,2,2,0,1,0.0
shuming_1069_00000322,1920,1080,108.56391782407407,44.85701926176487,11,11,0,1,0.07309973442797663
shuming_1074_00000208,1920,1080,96.41171103395062,59.20993648138344,7,5,2,2,0.0
shuming_1076_00000257,1920,1080,117.3187109375,62.47504965577749,6,4,2,1,4.079513259612297e-06
shuming_1079_00000233,1920,1080,101.05030237268518,64.39834815757011,7,4,3,1,0.0
shuming_1080_00000016,1920,1080,102.36434558256173,66.73825888757572,5,3,2,0,0.0
shuming_1101_00000011,1920,1080,118.45872974537038,52.628938016924025,5,5,0,1,0.09373359085102134
shuming_1114_00000182,1920,1080,119.17553337191357,48.75559837626474,3,3,0,0,0.029329467922289628
shuming_1159_00000050,1920,1080,113.70802565586419,48.633469330680384,5,5,0,1,0.05748824583994332
shuming_1171_00000198,1920,1080,94.97137586805556,69.84951314712065,1,1,0,0,0.0
shuming_1199_00000559,1920,1080,126.99366174768518,42.07137881232231,15,13,2,2,0.05248650118199397
shuming_1242_00000015,1920,1080,131.79127314814815,37.0289131202463,11,11,0,1,0.007964618371168646
shuming_1243_00000132,1920,1080,132.44664592978395,36.41599745108021,11,11,0,2,0.004156241756537972
shuming_1258_00000407,1920,1080,130.52035300925925,39.70348823126657,13,10,3,4,0.01633892414104773
shuming_1268_00000236,1920,1080,127.29075038580247,38.91598692919189,13,13,0,2,0.01587248778096897
shuming_1290_00000136,1920,1080,128.472120466821,37.65320091169877,15,15,0,3,0.09821358296723938
shuming_1297_00000063,1920,1080,133.69803288966048,32.496983949975764,1,1,0,0,0.0
shuming_1299_00000258,1920,1080,134.63380594135802,32.091936843996656,1,1,0,0,0.0
shuming_130_00000408,1920,1080,123.6490837191358,45.00446656855635,10,9,1,0,0.26753465568107376
shuming_1337_00000068,1920,1080,129.5715485146605,33.64188928012641,10,10,0,3,0.008179805143811199
shuming_1338_00000245,1920,1080,129.2810479359568,33.616959844681055,10,9,1,3,0.020876898607294345
shuming_1340_00000022,1920,1080,129.46205825617284,33.67159619449584,9,8,1,3,0.04890792644537141
shuming_145_00000172,1920,1080,130.4344140625,39.035627450377675,6,6,0,0,0.039949953327468785
shuming_155_00000033,1920,1080,133.76183015046297,37.95371343581531,2,2,0,0,0.0
shuming_158_00000074,1920,1080,123.18708526234568,39.273601521844,1,1,0,0,0.0
shuming_173_00000150,1920,1080,125.19857011959877,45.04477143490552,13,13,0,0,0.07099807983124566
shuming_174_00000200,1920,1080,124.6375675154321,45.903231987848535,13,13,0,0,0.040858157865842605
shuming_195_00000379,1920,1080,114.82758101851852,36.9610908442094,1,1,0,4,0.0
shuming_206_00000265,1920,1080,120.53051311728395,38.022760690456806,5,3,2,2,0.47204598684573934
shuming_256_00000366,1920,1080,134.84551311728396,40.126056105661995,1,1,0,0,0.0
shuming_25_00000095,1920,1080,91.99096402391976,43.58326401991578,1,1,0,0,0.0
shuming_283_00000014,1920,1080,117.9144815779321,65.51678611687869,2,1,1,0,0.0
shuming_306_00000136,1920,1080,127.28421971450618,43.0809366656744,3,3,0,0,0.0
shuming_321_00000066,1920,1080,123.27806954089506,48.85597078083373,9,9,0,0,0.38531814284102806
shuming_327_00000224,1920,1080,132.48668933256172,42.624787257195734,1,1,0,0,0.0
shuming_340_00000020,1920,1080,113.74390962577161,64.9740305938686,41,17,24,16,0.203563841673827
shuming_342_00000275,1920,1080,124.09507764274692,66.3967095004215,45,24,21,34,0.16312068988370523
shuming_384_00000171,1920,1080,114.76993682484567,50.58476225029859,5,4,1,0,0.07312154951827764
shuming_396_00000045,1920,1080,104.9102912808642,71.25091353507946,8,6,2,0,0.08365270777781177
shuming_410_00000037,1920,1080,114.05616608796296,52.55674963481017,11,8,3,6,0.3181344954930978
shuming_414_00000005,1920,1080,104.98381992669754,74.91847343683462,3,3,0,1,0.0568008366777056
shuming_420_00000156,1920,1080,111.63710889274691,78.76754949316181,7,6,1,2,0.42356521890457766
shuming_460_00000016,1920,1080,113.79938078703704,76.59112436568353,16,14,2,3,0.04428119735968195
shuming_485_00000027,1920,1080,113.85262490354938,50.02923202979104,5,3,2,0,0.0275425870747783
shuming_497_00000051,1920,1080,113.37437548225309,74.37090014714485,11,9,2,4,0.25906895923016054
shuming_503_00000052,1920,1080,116.67622974537036,66.22562618825076,13,7,6,3,0.015725538202967012
shuming_542_00000221,1920,1080,111.51793258101851,43.94135805933247,3,3,0,0,0.0
shuming_562_00000223,1920,1080,106.71676022376543,68.48828839402206,3,1,2,0,0.0
shuming_571_00000215,1920,1080,104.24203848379629,63.51628246783362,3,3,0,0,0.0
shuming_57_00000001,1920,1080,111.81888117283951,80.74300311403597,5,3,2,0,0.0
shuming_63_00000393,1920,1080,123.16199990354939,41.28410816001134,10,2,8,0,0.07895683965130318
shuming_66_00000159,1920,1080,124.07549238040123,46.78895695290481,12,12,0,1,0.13070947827638194
shuming_683_00000020,1920,1080,116.71825713734567,54.88709508436744,11,7,4,2,0.05881676045218428
shuming_72_00000270,1920,1080,125.82548418209876,53.34965256383084,26,14,12,7,0.5783171722559803
shuming_731_00000492,1920,1080,122.69116608796297,40.94362569250311,7,6,1,3,0.187110576714699
shuming_746_00000017,1920,1080,123.13240547839506,46.58055068587945,16,6,10,2,0.28655350617629605
shuming_747_00000093,1920,1080,127.83735243055555,43.508483503996516,14,3,11,2,0.2834836509701707
shuming_759_00000234,1920,1080,110.00547984182099,64.58590466331563,1,1,0,0,0.0
shuming_774_00000273,1920,1080,117.74046489197531,73.78166050991423,6,5,1,4,0.0
shuming_779_00000254,1920,1080,118.7108772183642,67.25744899090974,9,7,2,5,0.08053352907436366
shuming_814_00000194,1920,1080,119.75433352623457,65.91838976938999,1,1,0,0,0.0
shuming_829_00000328,1920,1080,109.61603587962964,49.27306182991262,1,1,0,0,0.0
shuming_830_00000326,1920,1080,100.01414496527778,45.19665519563244,1,1,0,0,0.0
shuming_831_00000084,1920,1080,96.42707899305556,46.300371290096805,1,0,1,0,0.0
shuming_837_00000121,1920,1080,116.5006177662037,54.957472515619706,4,4,0,1,0.27545466533744684
shuming_839_00000041,1920,1080,120.40787229938272,56.97957206797934,5,5,0,1,0.0
shuming_85_00000273,1920,1080,124.58868682484568,43.254940890727966,5,1,4,0,0.0
shuming_862_00000056,1920,1080,106.27998697916667,65.68087066825318,2,0,2,0,0.0
shuming_891_00000073,1920,1080,103.18781057098765,73.29771079602612,6,6,0,0,0.17934967954440786
shuming_985_00000020,1920,1080,103.02899932484569,36.908475828121816,12,7,5,9,0.20972679855602608
shuming_989_00000171,1920,1080,123.91001880787037,67.76419343126916,10,8,2,20,0.08613930760070028
